cik,ticker,kind,role,accession,document,sha256,size,currently_retained_by_importer
0000016868,CNI,manifest,sec_inline_current_manifest,0001104659-26-010352,0000016868.json,c4a1df2bb6fc9e253ecde8aecebfe4fc6cd5f85f6c9b3930245ee28ad8a3db10,2696,False
0000016868,CNI,source,annual_index,0001104659-26-010352,index.json,50e83ef941db63b3d5020c0d851837cd873dcaedebe220cb4fb22db8d4624c89,2298,False
0000016868,CNI,source,annual_primary_document,0001104659-26-010352,tm261145d1_40f.htm,7490bb0e34394e55e1e349e7f3c44581fe3bfe50ee02b368a1c4b938af13ab2f,420374,False
0000016868,CNI,source,filing_summary,0000016868-26-000011,FilingSummary.xml,6bbe88ca9cbbff7468ade8ed263ec128bd84841a6feba282bfd89a25d3ca6cca,78289,False
0000016868,CNI,source,instance,0000016868-26-000011,cni-20251231_d2_htm.xml,83d63da8c1367aa525db38b13d436536746cf615e6ce0a9c22ef1dc8b322e9d2,4175070,False
0000016868,CNI,source,presentation,0000016868-26-000011,cni-20251231_pre.xml,26a61742ea6898eaec749380102749f28cf092ba14e87ff28c89d60c5e3566db,1070019,False
0000016868,CNI,source,primary_document,0000016868-26-000011,cni-20251231.htm,a3789c3b3a1a2a1b2ee15a6985c6e757c699c8c2992436ec6036b4e985fbb79d,2665133,False
0000016868,CNI,source,schema,0000016868-26-000011,cni-20251231.xsd,6b5abc09e7f60586c4b176b326f40b198e81e2bdd70695656fb527dd73a6ff5c,138508,False
0000016868,CNI,source,source_index,0000016868-26-000011,index.json,78fc8952f13a716fd9606b5ac2812020fcb6d84da3f58605b518a268868f2778,14232,False
0001304409,AHNRF,manifest,sec_inline_current_manifest,0001683168-26-002801,0001304409.json,62874ceea91ba1896a21c6be34f12a673d51119200dce55434669ddcd0a44c9b,1840,False
0001304409,AHNRF,source,filing_summary,0001683168-26-002801,FilingSummary.xml,5ea0f1f6502dbe2dc96ad0d98f0116c4b946dae6109a4d846a958e77c29a233c,35653,False
0001304409,AHNRF,source,index,0001683168-26-002801,index.json,d297b7c9b1f22ae44b8a6f4c83e06f8f3f4d979a849a91646476b3224bb1bac8,8222,False
0001304409,AHNRF,source,instance,0001683168-26-002801,athenagold_i20f-123125_htm.xml,7bfb3b852ebe383e948d22690a47dbff5cd94b833163d1b75163d7de43cbdff8,1402077,False
0001304409,AHNRF,source,presentation,0001683168-26-002801,ahnr-20251231_pre.xml,e30724edb98c97e59fcd7407c8749a89aa0c58e1c668ba878cf7f67c32f9472e,371934,False
0001304409,AHNRF,source,primary_document,0001683168-26-002801,athenagold_i20f-123125.htm,5b21db614e8dc5211217ea5e804641d0eb405b87c143ae12b52da8716abd77a6,1824470,False
0001304409,AHNRF,source,schema,0001683168-26-002801,ahnr-20251231.xsd,bc3fb4da28ccffca065cd9e6445bfb47fccfa3b45b792deaf1e5e8f0aafaee59,76775,False
0001468642,AUGO,manifest,sec_inline_current_manifest,0001171843-26-002783,0001468642.json,f43ef138dc74ddf762fa24682549a832d09117520a5a50cc72a9090b9781e543,1824,False
0001468642,AUGO,source,filing_summary,0001171843-26-002783,FilingSummary.xml,e86651c2d477db1063f8ca26c28eae3985f51c3c84e65f1487930e016dbf3e88,77222,False
0001468642,AUGO,source,index,0001171843-26-002783,index.json,711f62279e7fc0561dc4716487dcad8c6e58201c6336af3743250c59f5788e73,17512,False
0001468642,AUGO,source,instance,0001171843-26-002783,f20fa_033126_htm.xml,c47f19478362c7a5e16b333414e5d972defd957d161c70a5bef132df19a6b9a9,3381970,False
0001468642,AUGO,source,presentation,0001171843-26-002783,cik0001468642-20251231_pre.xml,fac29520672e2f2b3a7a147b733473d239833190af64e6f63240a9dbd3e735e0,517893,False
0001468642,AUGO,source,primary_document,0001171843-26-002783,f20fa_033126.htm,0c462ffc492f6201307862f36ce626df06a9acd8d24af95e3c86d4afe4dcad2a,5544631,False
0001468642,AUGO,source,schema,0001171843-26-002783,cik0001468642-20251231.xsd,e349749978e5101e9294a26607b1da8abd968068d7ddf81b395dc11162ddd55b,159477,False
0001561861,AERO,manifest,sec_inline_current_manifest,0001193125-26-197494,0001561861.json,b096381fcc30d00e92b0dbe1e1df29d433f853055903ea9935f4dde24f8c2f39,1818,False
0001561861,AERO,source,filing_summary,0001193125-26-197494,FilingSummary.xml,3ff95b8a90d77891c06f3afef1e8a21fbb95a3cf9cf2df79f8564ab253052764,93226,False
0001561861,AERO,source,index,0001193125-26-197494,index.json,eedf4cfda3a6a7f923464b3321abd4eb3be4e4154cd1bcd53da113f439449b4c,16967,False
0001561861,AERO,source,instance,0001193125-26-197494,d101275d20f_htm.xml,3e6614e5acfdb677750d9189e9aac2cdd1417c212aa751681b22e84caee43b19,6760228,False
0001561861,AERO,source,presentation,0001193125-26-197494,ck0001561861-20251231.xsd,30f70090d1860858457af1d381235756fc3109bdb8a87f1c50274e2810217479,2519310,False
0001561861,AERO,source,primary_document,0001193125-26-197494,d101275d20f.htm,b842756f7ce62b0ae1bd2cf14d6fc3373c61297c0a74934f020493332415326e,6601960,False
0001561861,AERO,source,schema,0001193125-26-197494,ck0001561861-20251231.xsd,30f70090d1860858457af1d381235756fc3109bdb8a87f1c50274e2810217479,2519310,False
0001841644,PICS,manifest,sec_inline_current_manifest,0001213900-26-049950,0001841644.json,90392faa91760634591a80dad787dc780ecd27524baa4cdd69910367cd9a22e5,1823,False
0001841644,PICS,source,filing_summary,0001213900-26-049950,FilingSummary.xml,c64f6b03ea7d4be5a0c2f51338bfee35494cd77ecff3e018fb9b53f3f927f5e5,92065,False
0001841644,PICS,source,index,0001213900-26-049950,index.json,36f8ed56ceb01e1e7e19894815bb1410bfb2af5d224a119238eb14113ef71f5f,33947,False
0001841644,PICS,source,instance,0001213900-26-049950,ea0285441-20f_picsnv_htm.xml,15714a795bf65038b7c3333231bfa2947974521e9f3bf1aa06202e3dafbd5b21,4181845,False
0001841644,PICS,source,presentation,0001213900-26-049950,pics-20251231_pre.xml,5be15f700071aa6670b956f7cc0b9edcfd84bd973e1283380e25946c03352e4c,670027,False
0001841644,PICS,source,primary_document,0001213900-26-049950,ea0285441-20f_picsnv.htm,47b0e5fdc06382462c040ff6d4dab0b3cf5c3cf2bb4a9542d3645317b38da308,6564268,False
0001841644,PICS,source,schema,0001213900-26-049950,pics-20251231.xsd,54873dd9a255197a77964f85f7be91167762abc8f04504fd9fb4d48973aa2a01,216191,False
0001875016,YMAT,manifest,sec_inline_current_manifest,0001493152-26-019802,0001875016.json,d2fd53071b76d030d324b898a39e8d9cc970a2051ca4ed7c97f22704b8972991,1766,False
0001875016,YMAT,source,filing_summary,0001493152-26-019802,FilingSummary.xml,26720735692bae72d68ac0a036ab560a7f82623c153b79d65fbf85e3cf0372c4,85545,False
0001875016,YMAT,source,index,0001493152-26-019802,index.json,1268b64b4869757e02158aa66e37403c2ff078d7c37a5cd8692abb6f94248239,19213,False
0001875016,YMAT,source,instance,0001493152-26-019802,form20-f_htm.xml,7939c867fad2ace84f96e3154515c2b76c8f187906aaeea1b9ed60eddafadd81,4863600,False
0001875016,YMAT,source,presentation,0001493152-26-019802,ymat-20251231_pre.xml,4b5a64ac7985d6e5c2dc08cfc4d278b98342e8948075f2f03a8087f4b8e51793,599144,False
0001875016,YMAT,source,primary_document,0001493152-26-019802,form20-f.htm,ff8035265e2fb19e7db7d9f8eae2b59738368958e1b450ffd18ee5bdb8fd500b,4672079,False
0001875016,YMAT,source,schema,0001493152-26-019802,ymat-20251231.xsd,5988dbab2450b80e60da456e717a99d842e834024689691a6249423dcc13e627,127567,False
0001926293,GCDT,manifest,sec_inline_current_manifest,0001493152-26-038530,0001926293.json,e6d1ba04c34ff571c70e0efc11def07dfedaa506e741a22e601e5871e6e44e88,1781,False
0001926293,GCDT,source,filing_summary,0001493152-26-038530,FilingSummary.xml,da6df23104b386f737e555cd3a9e2b123fd1ff56784e746ebe5aa6f3e17f302c,64804,False
0001926293,GCDT,source,index,0001493152-26-038530,index.json,dd6cae8014243634109ae1fdc3585f133b84c65aad7e97775ed0d1ee49df286e,17726,False
0001926293,GCDT,source,instance,0001493152-26-038530,form20-f_htm.xml,33970d63e6696f2d590136bde34ac70543cd71acf9dc4db53fa02104c8730017,2131738,False
0001926293,GCDT,source,presentation,0001493152-26-038530,gcdt-20260331_pre.xml,f6fea6d2c62612a5bbc0a8172a0d6fc11815dee2a44cd8ff06fd80646806181f,504445,False
0001926293,GCDT,source,primary_document,0001493152-26-038530,form20-f.htm,4eb0a26e230cedad453c5578c8894f793c1e1af38e687b62b8b7d128301743f2,2675766,False
0001926293,GCDT,source,schema,0001493152-26-038530,gcdt-20260331.xsd,d09c2d40b5dd3f1a1ee97a9cc23a18256c4ad4fa2a58f10b47a44258e35661b4,100567,False
0002000756,NXAT,manifest,sec_inline_current_manifest,0001829126-26-005357,0002000756.json,61937a99570e098a43e332bf342f3aea513f1dfb15d74290331ae0db399efc31,1807,False
0002000756,NXAT,source,filing_summary,0001829126-26-005357,FilingSummary.xml,b8f33021042d5b16d01c86c44c4a907209d6bafc7c7809403816975a70988d32,117786,False
0002000756,NXAT,source,index,0001829126-26-005357,index.json,cd9164f1feb770b4b7791d57c15e8c0dc6885f94c1d8eb1b9741097bf5221d12,21504,False
0002000756,NXAT,source,instance,0001829126-26-005357,kwavemedia_20f_htm.xml,d0b9b673f5d5dbecb69a593ccf2aaaf46890731f6252b53e106529180b5bb5c0,8827629,False
0002000756,NXAT,source,presentation,0001829126-26-005357,kwm-20251231_pre.xml,d5bbf0b20571724d93bf3e7c11db708c93e6752288a6ecce2182bb2070f54ae2,971370,False
0002000756,NXAT,source,primary_document,0001829126-26-005357,kwavemedia_20f.htm,872bb5de611764437a1b7332d40c0038849817a1089cc3e5668789d06b0ecfbf,6530735,False
0002000756,NXAT,source,schema,0001829126-26-005357,kwm-20251231.xsd,296a3ae6c07efffb31e0c01b01a139fc523d39faa0925ba5f3cdd7967b733f3f,298707,False
0002020932,AGMB,manifest,sec_inline_current_manifest,0001104659-26-047872,0002020932.json,edbf975ab9bb2dd0dd32b8b0b14c2c264d21efaaaabb0e1d9d280b09ac3e1e01,1818,False
0002020932,AGMB,source,filing_summary,0001104659-26-047872,FilingSummary.xml,d44c56e104a0f96013ea356c71f3da9aeaf4a1d258d6a0c55ad2e082233538e6,70218,False
0002020932,AGMB,source,index,0001104659-26-047872,index.json,a62bc055aef53780aa13ca07c261fbbf7b6fb0e6e214308d9e3a2aec93ae7c35,16704,False
0002020932,AGMB,source,instance,0001104659-26-047872,agmb-20251231x20f_htm.xml,fd99a0169601beddab5f334d4a556f75258f172dde3f0c17dd91f7161dc8fb30,3324666,False
0002020932,AGMB,source,presentation,0001104659-26-047872,agmb-20251231_pre.xml,abe0c7211e89e044c9131d9a4fbbc994b7a56ff4a900e2b98e637aecae7ed314,633634,False
0002020932,AGMB,source,primary_document,0001104659-26-047872,agmb-20251231x20f.htm,60fe7a656a74cd290164610d88792e0fe9fdde426ed2f78f56f6fd599ace63b3,4541946,False
0002020932,AGMB,source,schema,0001104659-26-047872,agmb-20251231.xsd,98db45d84288399a77b69bf62e4990c7395b648d082a11e208d9fdae21aeaacb,116972,False
0002025774,ALPS,manifest,sec_inline_current_manifest,0001493152-26-036364,0002025774.json,f37cc1df214a34c162e18298b362427b19bf8e1b95aefa16543a57fc8042c5f4,1756,False
0002025774,ALPS,source,filing_summary,0001493152-26-036364,FilingSummary.xml,9774fee61f10d377f43bf7aa8248bcac94e8f36cbeb367a4e1d8c0c93fa01f31,71550,False
0002025774,ALPS,source,index,0001493152-26-036364,index.json,475933eb4c5ca63f6ec457982e2b6e13ce63d323027a27b796f47c3c67a13dcf,20441,False
0002025774,ALPS,source,instance,0001493152-26-036364,form20-f_htm.xml,25db8eb9392152f7f8ff94967591704281c6c55e9fd423f2a9289f870e2d16a5,3430288,False
0002025774,ALPS,source,presentation,0001493152-26-036364,alps-20260331_pre.xml,79d459cde53df5bf33f8ecadf1f5b579b8d76d807e496e8c2a557d2707f9bc20,512517,False
0002025774,ALPS,source,primary_document,0001493152-26-036364,form20-f.htm,5d29de90aa410a3b8adf1ed8010b54453b8b008aa6afefb85de6d0113f9941a7,4422511,False
0002025774,ALPS,source,schema,0001493152-26-036364,alps-20260331.xsd,c9f2d9a64131ec71301bf61651a7360f0b0c7e135d7296be6ee302723dea4e60,119962,False
0002039072,DAVI,manifest,sec_inline_current_manifest,0001683168-26-003530,0002039072.json,9763de581210cf192a17306f27a796bfac60369c0d747c6f3c9a19fe6a13b3f6,1794,False
0002039072,DAVI,source,filing_summary,0001683168-26-003530,FilingSummary.xml,217c09f7b95ca606139ab30ea1af216c677b60e5abe7368d5373ebb52b6f60a2,37434,False
0002039072,DAVI,source,index,0001683168-26-003530,index.json,88e2a9e867535eded117da35e6e5105ad705f91c54670461d2e381685c265610,8900,False
0002039072,DAVI,source,instance,0001683168-26-003530,davion_i20fa1_htm.xml,738c15c8fe1cd13e5ff3f663b59264162b1d8e840b9343d4c3ab52c86b37e98c,478131,False
0002039072,DAVI,source,presentation,0001683168-26-003530,davi-20251231_pre.xml,b3011f52a60d251fbb362ca6325957c7ca9bc81b6b15b12fd58d7c7e2944ca70,249959,False
0002039072,DAVI,source,primary_document,0001683168-26-003530,davion_i20fa1.htm,26ca942654ccbf2a780e9c08bf162d6607c224baf2c3ba48d60775d6d7e1139f,1116049,False
0002039072,DAVI,source,schema,0001683168-26-003530,davi-20251231.xsd,d995c00685e30cb25bceae4fb8925bb17703091af8bce526d85d83bf18e6e582,46183,False
0002039972,GMTL,manifest,sec_inline_current_manifest,0001104659-26-108373,0002039972.json,9255570b5f27fd6472622bf72351de62bd74df4861039e72dc40bb9b5da4a344,1823,False
0002039972,GMTL,source,filing_summary,0001104659-26-108373,FilingSummary.xml,6904798c43676848c907bb6c11cfd64f0f7d5d26062456066abd5e5c6c2916b1,47763,False
0002039972,GMTL,source,index,0001104659-26-108373,index.json,e7b2fcedd31588ce046764ff58e49ad0260d63c16cd69a7d46367152923eb4ec,39794,False
0002039972,GMTL,source,instance,0001104659-26-108373,gmtl-20260630x20f_htm.xml,e70cd342462870a81ef2c5c956e1fd94b1f6069f1e3636ac3ac4830cb87b9664,1761534,False
0002039972,GMTL,source,presentation,0001104659-26-108373,gmtl-20260630_pre.xml,c71b3283213e58e78e8a196c06e042c8a3fabb2266e0d542aa7db7923b71fb19,407595,False
0002039972,GMTL,source,primary_document,0001104659-26-108373,gmtl-20260630x20f.htm,3593e6671ed56ac5ad6d0a7e5fc7fb77638ddf67f120718d89515ce4f754479f,2991613,False
0002039972,GMTL,source,schema,0001104659-26-108373,gmtl-20260630.xsd,9fbf12d7e675b1c2c7c80ced7cb644586376def25396980cb5951e6fedaabec3,74991,False
0002054507,HBNB,manifest,sec_inline_current_manifest,0001213900-26-049771,0002054507.json,a4ff07c0daa2013d3faa7c2d4f39f2286ec3d0c5184123dc8c8e1ec7644e104a,1856,False
0002054507,HBNB,source,filing_summary,0001213900-26-049771,FilingSummary.xml,4b622d80497ac6fbb6736c840ed1856cd5b56f867584e551f5d29189840a7eb7,65208,False
0002054507,HBNB,source,index,0001213900-26-049771,index.json,04b9631e1086f1593ff07ee69d92eecda2c2cbed4eef3c1e807e308cf967da89,17575,False
0002054507,HBNB,source,instance,0001213900-26-049771,ea0286666-20f_hotel101_htm.xml,8f3b4244509db2998c9e5184fd0ddfe640ec46823123fe0ac7dc4ab77d40be60,1359041,False
0002054507,HBNB,source,presentation,0001213900-26-049771,hbnb-20251231_pre.xml,0ddce8062e4b81a2c2f0a42ad14f6a8f88a498bb55e44593c0c9fa505dff9e2c,375465,False
0002054507,HBNB,source,primary_document,0001213900-26-049771,ea0286666-20f_hotel101.htm,da03c9474388fbfceefc3b3d2e015590182d76c77cbae8e62cfb6577d1d9bd6d,2354919,False
0002054507,HBNB,source,schema,0001213900-26-049771,hbnb-20251231.xsd,f8df8ae2daed45031efb47f33d9410ff7387580a14c30850c1945f4351d1b65d,114121,False
0002058601,BRBI,manifest,sec_inline_current_manifest,0001213900-26-050426,0002058601.json,515a558a6275a76695e8e5d6dc0ba3a51a0a4841cf7341f03fa627b1ba3d8aa4,1835,False
0002058601,BRBI,source,filing_summary,0001213900-26-050426,FilingSummary.xml,950cc37cb4c47ab88ed881e38b88be919f6e8f3ff2e0e96d1ca6b7b77ff736e5,57970,False
0002058601,BRBI,source,index,0001213900-26-050426,index.json,b0f45f02bcdd4bbc730e9a509e5a30f583d4ca1fde54ebdaa04e4e61eab0c662,14033,False
0002058601,BRBI,source,instance,0001213900-26-050426,ea0285533-20f_brbibr_htm.xml,f597c5ea828b51f45926dd650ec185120bb844690a8b7696cc0ea1cf70219693,2820531,False
0002058601,BRBI,source,presentation,0001213900-26-050426,brbi-20251231_pre.xml,20597bc581903aae450b41501e309330f943a85cd299137ad75a388783a87833,468112,False
0002058601,BRBI,source,primary_document,0001213900-26-050426,ea0285533-20f_brbibr.htm,5c33b7ebc53ceeacc9492ee9a845924c5d3f84efd45846ae06da5322ffa5541d,3553910,False
0002058601,BRBI,source,schema,0001213900-26-050426,brbi-20251231.xsd,55906fc69043380ba877459d5367eb5bb58e5ecf7dcd347949273dbb71426425,150103,False
0002058897,CIB,manifest,sec_inline_current_manifest,0002058897-26-000125,0002058897.json,8182b1eb52675abc291905550d52c425ad3eb9bed927562aee30f89db5150c67,1783,False
0002058897,CIB,source,filing_summary,0002058897-26-000125,FilingSummary.xml,0b41d58b30d2282f237bf03f8a39ffc2509c7e82902755bafc3d30f587aeadb6,167774,False
0002058897,CIB,source,index,0002058897-26-000125,index.json,ae1d8e729b51b2a3479b2c740f0882ad6fcb4961ffd9299b45ff7654a2955c4d,28420,False
0002058897,CIB,source,instance,0002058897-26-000125,cib-20251231_htm.xml,9ed4fa706e5792f1472c0f27ca7621013c7f79e52216ae434d2af1d731da2df0,19008981,False
0002058897,CIB,source,presentation,0002058897-26-000125,cib-20251231_pre.xml,1bd17df80f868f32a02164e75e422627b11df38ddd8ca9ffda70267b327966b5,2850702,False
0002058897,CIB,source,primary_document,0002058897-26-000125,cib-20251231.htm,f05d92a8c53a451afc40d649fed70f0384d35cc8792f00f2752c9fcd43d7a271,14587757,False
0002058897,CIB,source,schema,0002058897-26-000125,cib-20251231.xsd,6d4225514b4b02c4901796b38e2414a037f711fe420580135c40c3363e7b6312,418779,False
0002080073,VMET,manifest,sec_inline_current_manifest,0001104659-26-052847,0002080073.json,bffeff6ec31ffa51fb125b588ce3e79c6d375863d0fa0cd2386612fd13e44b97,1809,False
0002080073,VMET,source,filing_summary,0001104659-26-052847,FilingSummary.xml,563e396f1e96b84d49f075b4cc6fcde8e82e570e4e4dfb8b9fd1e007c2b5879d,46315,False
0002080073,VMET,source,index,0001104659-26-052847,index.json,21723ff41d844729d591a6812e057ef7009fc506a6d2599c792bbd196986f7ca,11280,False
0002080073,VMET,source,instance,0001104659-26-052847,tmb-20251231x20f_htm.xml,428b4db0f14e6075bbed9bee5b74b755c024a4049ab40d43f6e9beafafbefec8,3101019,False
0002080073,VMET,source,presentation,0001104659-26-052847,tmb-20251231_pre.xml,b6e6a5b85ba1d611f3b2dd2b885fa60cf12bf5b0505c26ead0acb86e7aa2796a,497151,False
0002080073,VMET,source,primary_document,0001104659-26-052847,tmb-20251231x20f.htm,2d74bf0cd11bc1c93f3c90ddce4465a3c6f6b34bdd3cc5cf5e1b2cf313df9a1a,4630883,False
0002080073,VMET,source,schema,0001104659-26-052847,tmb-20251231.xsd,0992088e4c21b4c4b50f1f749481eb1c2643b987a559c3de84bd5d431c989ef2,100419,False
0002080845,PAYP,manifest,sec_inline_current_manifest,0001193125-26-289382,0002080845.json,9915b332bcf971fbc0f141affa096c9e759ec150ae20ee9ab3f5271fb0cddaeb,1780,False
0002080845,PAYP,source,filing_summary,0001193125-26-289382,FilingSummary.xml,7a160405b925c7990cd5c48bfbba114df55a5e7851a0aa2799059a66984c5125,128402,False
0002080845,PAYP,source,index,0001193125-26-289382,index.json,3bf44f54af9cb804132eb7e2a30b3f29b6012babca35d5a9914212ac3190b0d6,20523,False
0002080845,PAYP,source,instance,0001193125-26-289382,payp-20260331_htm.xml,7d700a1b77a6e12e8986341c791970af1ddb085e15c451d979779d90c9b35ecc,16181287,False
0002080845,PAYP,source,presentation,0001193125-26-289382,payp-20260331.xsd,b92faf082921715e2c5381a3b4717771b51f86ef57d3a957116ea972e65a73c9,3103948,False
0002080845,PAYP,source,primary_document,0001193125-26-289382,payp-20260331.htm,cfb4334a0390b866e7ed7054e09cd5c51250a7b5cd19e28a52f1cfcf7c8d6936,13288107,False
0002080845,PAYP,source,schema,0001193125-26-289382,payp-20260331.xsd,b92faf082921715e2c5381a3b4717771b51f86ef57d3a957116ea972e65a73c9,3103948,False
0002087398,TMCR,manifest,sec_inline_current_manifest,0001104659-26-049527,0002087398.json,16e8df3a8c0f4b71909245903f5e369da88592d4e34d2607ed7ccb4b4d4ec2cd,1816,False
0002087398,TMCR,source,filing_summary,0001104659-26-049527,FilingSummary.xml,4e8138736ed95073d6260419574585b7fd032684daf278b910e6475d1f5066fc,35534,False
0002087398,TMCR,source,index,0001104659-26-049527,index.json,a8bf31aa90ae43e770c5a0b693320f95c1e362864d71f1bae37e8b8b06ebf0de,9082,False
0002087398,TMCR,source,instance,0001104659-26-049527,tmcr-20251231x20f_htm.xml,eedfd8c445bd975ad34e1913833374cdeb1d742c6dd7c5df3348486745541897,1105007,False
0002087398,TMCR,source,presentation,0001104659-26-049527,tmcr-20251231_pre.xml,9462a1685981f3e812d3423df8f3a6a06923d82f90e1f268786498c8b008dd77,336063,False
0002087398,TMCR,source,primary_document,0001104659-26-049527,tmcr-20251231x20f.htm,7d1afe072baf56853c459f9ec7f5c6c02682aa0d3000685b47c505cda4826837,1990481,False
0002087398,TMCR,source,schema,0001104659-26-049527,tmcr-20251231.xsd,cc3449175fbc707c432484476652f4e4e9d9bd11e068535248dc12d8f2e9fd7f,56957,False
