ticker,cik,company,exchange,engine_version,computed_at,annual_filed,annual_accession,annual_basis,reporting_currency,top_group,subclass,ratio_evidence_value,exception,source_location
ABLZF,0001091587,ABB LTD,OTC,181,2026-09-27T20:07:52+00:00,2024-02-23,0001104659-24-026633,us-gaap,USD,cover_identity,stale_otc_mapping,,UnsupportedFilerError: foreign filer has no exact filing-cover security title for this ticker,https://www.sec.gov/Archives/edgar/data/1091587/000110465924026633/R1.htm through R3.htm
ADAG,0001818838,Adagene Inc.,Nasdaq,181,2026-09-27T20:11:49+00:00,2026-04-01,0001104659-26-038612,us-gaap,USD,depositary_ratio,ratio_present_in_cover_title,1.25,UnsupportedFilerError: foreign depositary security has no resolved positive cover-page ratio,https://www.sec.gov/Archives/edgar/data/1818838/000110465926038612/adag-20251231x20f.htm
AERO,0001561861,"Grupo Aeromexico, S.A.B. de C.V.",NYSE,181,2026-09-27T20:10:32+00:00,2026-04-30,0001193125-26-197494,,,statement_coherence,incomplete_company_facts,,UnsupportedFilerError: filer's current foreign annual report does not carry a coherent standard US-GAAP or IFRS balance sheet in one identifiable ISO currency,https://data.sec.gov/api/xbrl/companyfacts/CIK0001561861.json
AGMB,0002020932,AgomAb Therapeutics NV,Nasdaq,181,2026-09-27T20:12:13+00:00,2026-04-23,0001104659-26-047872,,,statement_coherence,incomplete_company_facts,,UnsupportedFilerError: filer's current foreign annual report does not carry a coherent standard US-GAAP or IFRS balance sheet in one identifiable ISO currency,https://data.sec.gov/api/xbrl/companyfacts/CIK0002020932.json
AGRZ,0002009233,Agroz Inc.,Nasdaq,181,2026-09-27T20:12:12+00:00,2025-05-22,0001213900-25-046757,ifrs-full,USD,cover_identity,no_registered_class,,UnsupportedFilerError: foreign filer has no exact filing-cover security title for this ticker,https://www.sec.gov/Archives/edgar/data/2009233/000121390025046757/R1.htm through R3.htm
AHL-PD,0001267395,ASPEN INSURANCE HOLDINGS LTD,NYSE,178,2026-09-23T04:45:49+00:00,2026-03-30,0001267395-26-000007,us-gaap,USD,cover_identity,missing_raw_cover_evidence,,UnsupportedFilerError: foreign filer has no exact filing-cover security title for this ticker,https://www.sec.gov/Archives/edgar/data/1267395/000126739526000007/R1.htm through R3.htm
AHNRF,0001304409,ATHENA GOLD CORP,OTC,181,2026-09-27T20:08:49+00:00,2026-04-10,0001683168-26-002801,,,statement_coherence,incomplete_company_facts,,UnsupportedFilerError: filer's current foreign annual report does not carry a coherent standard US-GAAP or IFRS balance sheet in one identifiable ISO currency,https://data.sec.gov/api/xbrl/companyfacts/CIK0001304409.json
AIJTY,0001713923,Jianpu Technology Inc.,OTC,181,2026-09-27T20:11:25+00:00,2026-04-24,0001104659-26-048221,us-gaap,USD,cover_identity,missing_raw_cover_evidence,,UnsupportedFilerError: foreign filer has no exact filing-cover security title for this ticker,https://www.sec.gov/Archives/edgar/data/1713923/000110465926048221/R1.htm through R3.htm
AKO-A,0000925261,ANDINA BOTTLING CO INC,NYSE,181,2026-09-27T20:06:50+00:00,2026-04-01,0001104659-26-038506,ifrs-full,CLP,cover_identity,symbol_mismatch,,UnsupportedFilerError: foreign filer has no exact filing-cover security title for this ticker,https://www.sec.gov/Archives/edgar/data/925261/000110465926038506/R1.htm through R3.htm
ALMMF,0001161611,ALUMINUM CORP OF CHINA LTD,,181,2026-09-27T20:08:21+00:00,2023-04-25,0001104659-23-049473,ifrs-full,USD,cover_identity,no_registered_class,,UnsupportedFilerError: foreign filer has no exact filing-cover security title for this ticker,https://www.sec.gov/Archives/edgar/data/1161611/000110465923049473/R1.htm through R3.htm
ALPS,0002025774,Alps Group Inc,Nasdaq,181,2026-09-27T20:12:13+00:00,2026-08-06,0001493152-26-036364,,,statement_coherence,incomplete_company_facts,,UnsupportedFilerError: filer's current foreign annual report does not carry a coherent standard US-GAAP or IFRS balance sheet in one identifiable ISO currency,https://data.sec.gov/api/xbrl/companyfacts/CIK0002025774.json
ALRTF,0001930419,ALR Technologies SG Ltd.,OTC,181,2026-09-27T20:12:07+00:00,2026-04-30,0001903596-26-000182,us-gaap,USD,cover_identity,missing_raw_cover_evidence,,UnsupportedFilerError: foreign filer has no exact filing-cover security title for this ticker,https://www.sec.gov/Archives/edgar/data/1930419/000190359626000182/R1.htm through R3.htm
ALYAF,0001734520,Alithya Group inc,OTC,181,2026-09-27T20:11:30+00:00,2025-06-12,0001734520-25-000030,ifrs-full,CAD,cover_identity,missing_raw_cover_evidence,,UnsupportedFilerError: foreign filer has no exact filing-cover security title for this ticker,https://www.sec.gov/Archives/edgar/data/1734520/000173452025000030/R1.htm through R3.htm
AMBIQ,0001937441,Ambipar Emergency Response,OTC,181,2026-09-27T20:12:08+00:00,2025-06-24,0001628280-25-032686,ifrs-full,BRL,cover_identity,stale_otc_mapping,,UnsupportedFilerError: foreign filer has no exact filing-cover security title for this ticker,https://www.sec.gov/Archives/edgar/data/1937441/000162828025032686/R1.htm through R3.htm
AMLIF,0001699880,American Lithium Corp.,OTC,181,2026-09-27T20:11:20+00:00,2024-05-31,0001062993-24-011562,ifrs-full,CAD,cover_identity,stale_otc_mapping,,UnsupportedFilerError: foreign filer has no exact filing-cover security title for this ticker,https://www.sec.gov/Archives/edgar/data/1699880/000106299324011562/R1.htm through R3.htm
AMUB,0001114446,UBS AG,NYSE,181,2026-09-27T20:08:04+00:00,2026-03-09,0001610520-26-000026,ifrs-full,USD,cover_identity,missing_raw_cover_evidence,,UnsupportedFilerError: foreign filer has no exact filing-cover security title for this ticker,https://www.sec.gov/Archives/edgar/data/1114446/000161052026000026/R1.htm through R3.htm
ARRKF,0001855743,ARRAS MINERALS CORP.,OTC,181,2026-09-27T20:12:00+00:00,2024-02-28,0001079973-24-000310,ifrs-full,USD,cover_identity,no_registered_class,,UnsupportedFilerError: foreign filer has no exact filing-cover security title for this ticker,https://www.sec.gov/Archives/edgar/data/1855743/000107997324000310/R1.htm through R3.htm
ASAIY,0001834048,Sendas Distributor S.A.,,181,2026-09-27T20:11:55+00:00,2025-04-01,0001213900-25-026526,ifrs-full,BRL,cover_identity,no_registered_class,,UnsupportedFilerError: foreign filer has no exact filing-cover security title for this ticker,https://www.sec.gov/Archives/edgar/data/1834048/000121390025026526/R1.htm through R3.htm
ATEYY,0001158838,ADVANTEST CORP,OTC,181,2026-09-27T20:08:20+00:00,2015-06-25,0001193125-15-234186,us-gaap,JPY,cover_identity,stale_otc_mapping,,UnsupportedFilerError: foreign filer has no exact filing-cover security title for this ticker,https://www.sec.gov/Archives/edgar/data/1158838/000119312515234186/R1.htm through R3.htm
ATMP,0000312070,BARCLAYS BANK PLC,CBOE,181,2026-09-27T20:05:16+00:00,2026-02-10,0000312070-26-000006,ifrs-full,GBP,cover_identity,wrong_security_class,,UnsupportedFilerError: foreign filer has no exact filing-cover security title for this ticker,https://www.sec.gov/Archives/edgar/data/312070/000031207026000006/R1.htm through R3.htm
ATTT,0001948443,Raytech Holding Ltd,Nasdaq,181,2026-09-27T20:12:09+00:00,2026-07-31,0001213900-26-083948,us-gaap,USD,cover_identity,symbol_mismatch,,UnsupportedFilerError: foreign filer has no exact filing-cover security title for this ticker,https://www.sec.gov/Archives/edgar/data/1948443/000121390026083948/R1.htm through R3.htm
AUGO,0001468642,Aura Minerals Inc.,Nasdaq,181,2026-09-27T20:09:55+00:00,2026-04-29,0001171843-26-002783,,,statement_coherence,incomplete_company_facts,,UnsupportedFilerError: filer's current foreign annual report does not carry a coherent standard US-GAAP or IFRS balance sheet in one identifiable ISO currency,https://data.sec.gov/api/xbrl/companyfacts/CIK0001468642.json
AURE,0001765850,Aurelion Inc.,Nasdaq,181,2026-09-27T20:11:37+00:00,2025-02-13,0001213900-25-013536,us-gaap,USD,cover_identity,empty_parser_failure,,UnsupportedFilerError: foreign filer has no exact filing-cover security title for this ticker,https://www.sec.gov/Archives/edgar/data/1765850/000121390025013536/R1.htm through R3.htm
AVCRF,0001355736,Avricore Health Inc.,OTC,181,2026-09-27T20:09:06+00:00,2025-06-16,0001641172-25-015266,ifrs-full,CAD,cover_identity,missing_raw_cover_evidence,,UnsupportedFilerError: foreign filer has no exact filing-cover security title for this ticker,https://www.sec.gov/Archives/edgar/data/1355736/000164117225015266/R1.htm through R3.htm
AVLNF,0001362898,Avalon Advanced Materials Inc.,OTC,181,2026-09-27T20:09:09+00:00,2020-11-27,0001062993-20-005940,ifrs-full,CAD,cover_identity,missing_raw_cover_evidence,,UnsupportedFilerError: foreign filer has no exact filing-cover security title for this ticker,https://www.sec.gov/Archives/edgar/data/1362898/000106299320005940/R1.htm through R3.htm
AZN,0000901832,ASTRAZENECA PLC,NYSE,181,2026-09-27T20:06:36+00:00,2026-02-24,0001104659-26-019130,ifrs-full,USD,cover_identity,empty_parser_failure,,UnsupportedFilerError: foreign filer has no exact filing-cover security title for this ticker,https://www.sec.gov/Archives/edgar/data/901832/000110465926019130/R1.htm through R3.htm
AZUL,0001432364,AZUL SA,NYSE,181,2026-09-27T20:09:41+00:00,2026-04-03,0001628280-26-023423,ifrs-full,BRL,cover_identity,empty_parser_failure,,UnsupportedFilerError: foreign filer has no exact filing-cover security title for this ticker,https://www.sec.gov/Archives/edgar/data/1432364/000162828026023423/R1.htm through R3.htm
BBD,0001160330,BANK BRADESCO,NYSE,181,2026-09-27T20:08:21+00:00,2026-03-25,0001292814-26-001753,ifrs-full,BRL,depositary_ratio,wrong_class_pairing,1 preferred share,UnsupportedFilerError: foreign depositary security has no resolved positive cover-page ratio,https://www.sec.gov/Archives/edgar/data/1160330/000129281426001753/bbdform20f_2025.htm
BBVA,0000842180,"BANCO BILBAO VIZCAYA ARGENTARIA, S.A.",NYSE,181,2026-09-27T20:06:07+00:00,2026-02-20,0001628280-26-010001,ifrs-full,EUR,cover_identity,empty_parser_failure,,UnsupportedFilerError: foreign filer has no exact filing-cover security title for this ticker,https://www.sec.gov/Archives/edgar/data/842180/000162828026010001/R1.htm through R3.htm
BEP,0001533232,Brookfield Renewable Partners L.P.,NYSE,181,2026-09-27T20:10:23+00:00,2026-02-27,0001533232-26-000011,ifrs-full,USD,cover_identity,empty_parser_failure,,UnsupportedFilerError: foreign filer has no exact filing-cover security title for this ticker,https://www.sec.gov/Archives/edgar/data/1533232/000153323226000011/R1.htm through R3.htm
BETRF,0001464165,BetterLife Pharma Inc.,OTC,181,2026-09-27T20:09:52+00:00,2025-06-02,0001477932-25-004304,ifrs-full,CAD,cover_identity,stale_otc_mapping,,UnsupportedFilerError: foreign filer has no exact filing-cover security title for this ticker,https://www.sec.gov/Archives/edgar/data/1464165/000147793225004304/R1.htm through R3.htm
BGICF,0001179821,BIRKS GROUP INC.,NYSE,181,2026-09-27T20:08:29+00:00,2026-07-21,0001193125-26-310554,us-gaap,CAD,cover_identity,stale_otc_mapping,,UnsupportedFilerError: foreign filer has no exact filing-cover security title for this ticker,https://www.sec.gov/Archives/edgar/data/1179821/000119312526310554/R1.htm through R3.htm
BHATF,0001759136,Blue Hat Interactive Entertainment Technology,OTC,181,2026-09-27T20:11:35+00:00,2025-04-30,0001731122-25-000634,us-gaap,USD,cover_identity,stale_otc_mapping,,UnsupportedFilerError: foreign filer has no exact filing-cover security title for this ticker,https://www.sec.gov/Archives/edgar/data/1759136/000173112225000634/R1.htm through R3.htm
BIPH,0001406234,Brookfield Infrastructure Partners L.P.,NYSE,181,2026-09-27T20:09:27+00:00,2026-03-17,0001406234-26-000002,ifrs-full,USD,cover_identity,wrong_security_class,,UnsupportedFilerError: foreign filer has no exact filing-cover security title for this ticker,https://www.sec.gov/Archives/edgar/data/1406234/000140623426000002/R1.htm through R3.htm
BMA,0001347426,Macro Bank Inc.,NYSE,181,2026-09-27T20:09:04+00:00,2025-04-21,0001193125-25-087225,ifrs-full,ARS,depositary_ratio,no_current_filing_backed_ratio,,UnsupportedFilerError: foreign depositary security has no resolved positive cover-page ratio,https://www.sec.gov/Archives/edgar/data/1347426/000119312525087225/d865064d20f.htm
BPYPP,0001545772,Brookfield Property Partners L.P.,Nasdaq,181,2026-09-27T20:10:27+00:00,2026-02-27,0001545772-26-000006,ifrs-full,USD,cover_identity,wrong_security_class,,UnsupportedFilerError: foreign filer has no exact filing-cover security title for this ticker,https://www.sec.gov/Archives/edgar/data/1545772/000154577226000006/R1.htm through R3.htm
BRBI,0002058601,BRBI BR Partners S.A.,Nasdaq,181,2026-09-27T20:12:14+00:00,2026-04-30,0001213900-26-050426,,,statement_coherence,incomplete_company_facts,,UnsupportedFilerError: filer's current foreign annual report does not carry a coherent standard US-GAAP or IFRS balance sheet in one identifiable ISO currency,https://data.sec.gov/api/xbrl/companyfacts/CIK0002058601.json
BRCNF,0001158399,Burcon NutraScience Corp,OTC,181,2026-09-27T20:08:20+00:00,2022-08-01,0001062993-22-016961,ifrs-full,CAD,cover_identity,stale_otc_mapping,,UnsupportedFilerError: foreign filer has no exact filing-cover security title for this ticker,https://www.sec.gov/Archives/edgar/data/1158399/000106299322016961/R1.htm through R3.htm
BRNX,0001901215,BRENX LTD.,Nasdaq,181,2026-09-27T20:12:06+00:00,2026-03-25,0001213900-26-034046,us-gaap,USD,cover_identity,symbol_mismatch,,UnsupportedFilerError: foreign filer has no exact filing-cover security title for this ticker,https://www.sec.gov/Archives/edgar/data/1901215/000121390026034046/R1.htm through R3.htm
BRQSF,0001650575,"Borqs Technologies, Inc.",OTC,181,2026-09-27T20:11:06+00:00,2026-05-15,0001213900-26-057706,us-gaap,USD,cover_identity,missing_raw_cover_evidence,,UnsupportedFilerError: foreign filer has no exact filing-cover security title for this ticker,https://www.sec.gov/Archives/edgar/data/1650575/000121390026057706/R1.htm through R3.htm
BSAC,0001027552,BANCO SANTANDER CHILE,NYSE,181,2026-09-27T20:07:16+00:00,2026-02-27,0001027552-26-000038,ifrs-full,CLP,cover_identity,empty_parser_failure,,UnsupportedFilerError: foreign filer has no exact filing-cover security title for this ticker,https://www.sec.gov/Archives/edgar/data/1027552/000102755226000038/R1.htm through R3.htm
BVC,0001785680,BitVentures Ltd,Nasdaq,181,2026-09-27T20:11:41+00:00,2025-10-17,0001437749-25-031287,us-gaap,USD,cover_identity,symbol_mismatch,,UnsupportedFilerError: foreign filer has no exact filing-cover security title for this ticker,https://www.sec.gov/Archives/edgar/data/1785680/000143774925031287/R1.htm through R3.htm
CAJPY,0000016988,CANON INC,OTC,181,2026-09-27T20:04:26+00:00,2023-03-30,0001193125-23-084415,us-gaap,JPY,cover_identity,stale_otc_mapping,,UnsupportedFilerError: foreign filer has no exact filing-cover security title for this ticker,https://www.sec.gov/Archives/edgar/data/16988/000119312523084415/R1.htm through R3.htm
CASIF,0001962738,"CASI Pharmaceuticals, Inc.",OTC,181,2026-09-27T20:12:10+00:00,2026-05-15,0001104659-26-061632,us-gaap,USD,cover_identity,stale_otc_mapping,,UnsupportedFilerError: foreign filer has no exact filing-cover security title for this ticker,https://www.sec.gov/Archives/edgar/data/1962738/000110465926061632/R1.htm through R3.htm
CCJ,0001009001,CAMECO CORP,NYSE,181,2026-09-27T20:07:07+00:00,2026-03-19,0001193125-26-116229,ifrs-full,CAD,cover_identity,empty_parser_failure,,UnsupportedFilerError: foreign filer has no exact filing-cover security title for this ticker,https://www.sec.gov/Archives/edgar/data/1009001/000119312526116229/R1.htm through R3.htm
CDLR,0001978867,Cadeler A/S,NYSE,181,2026-09-27T20:12:11+00:00,2026-03-24,0001978867-26-000022,ifrs-full,EUR,depositary_ratio,ratio_present_in_cover_title,4,UnsupportedFilerError: foreign depositary security has no resolved positive cover-page ratio,https://www.sec.gov/Archives/edgar/data/1978867/000197886726000022/cdlr-20251231.htm
CEF,0001726122,Sprott Physical Gold & Silver Trust,NYSE,181,2026-09-27T20:11:28+00:00,2026-03-13,0001999371-26-005824,ifrs-full,USD,cover_identity,wrong_security_class,,UnsupportedFilerError: foreign filer has no exact filing-cover security title for this ticker,https://www.sec.gov/Archives/edgar/data/1726122/000199937126005824/R1.htm through R3.htm
CHKIF,0001041668,CHINA SOUTHERN AIRLINES CO LTD,,181,2026-09-27T20:07:24+00:00,2023-04-27,0001193125-23-119723,ifrs-full,CNY,cover_identity,stale_otc_mapping,,UnsupportedFilerError: foreign filer has no exact filing-cover security title for this ticker,https://www.sec.gov/Archives/edgar/data/1041668/000119312523119723/R1.htm through R3.htm
CIB,0002058897,Grupo Cibest S.A.,NYSE,181,2026-09-27T20:12:14+00:00,2026-04-08,0002058897-26-000125,,,statement_coherence,incomplete_company_facts,,UnsupportedFilerError: filer's current foreign annual report does not carry a coherent standard US-GAAP or IFRS balance sheet in one identifiable ISO currency,https://data.sec.gov/api/xbrl/companyfacts/CIK0002058897.json
CIG,0001157557,ENERGY CO OF MINAS GERAIS,NYSE,181,2026-09-27T20:08:19+00:00,2025-05-01,0001554855-25-000408,ifrs-full,BRL,cover_identity,wrong_security_class,,UnsupportedFilerError: foreign filer has no exact filing-cover security title for this ticker,https://www.sec.gov/Archives/edgar/data/1157557/000155485525000408/R1.htm through R3.htm
CILJF,0001268896,CHINA LIFE INSURANCE CO LTD,,181,2026-09-27T20:08:36+00:00,2023-04-21,0001193125-23-109212,ifrs-full,CNY,cover_identity,stale_otc_mapping,,UnsupportedFilerError: foreign filer has no exact filing-cover security title for this ticker,https://www.sec.gov/Archives/edgar/data/1268896/000119312523109212/R1.htm through R3.htm
CKDXF,0001815620,Opthea Ltd,OTC,181,2026-09-27T20:11:48+00:00,2025-09-15,0001193125-25-202743,ifrs-full,USD,cover_identity,stale_otc_mapping,,UnsupportedFilerError: foreign filer has no exact filing-cover security title for this ticker,https://www.sec.gov/Archives/edgar/data/1815620/000119312525202743/R1.htm through R3.htm
CLWT,0001026662,EURO TECH HOLDINGS CO LTD,Nasdaq,181,2026-09-27T20:07:16+00:00,2026-04-30,0001654954-26-004167,us-gaap,USD,cover_identity,empty_parser_failure,,UnsupportedFilerError: foreign filer has no exact filing-cover security title for this ticker,https://www.sec.gov/Archives/edgar/data/1026662/000165495426004167/R1.htm through R3.htm
CNEY,0001780785,CN ENERGY GROUP. INC.,Nasdaq,181,2026-09-27T20:11:39+00:00,2026-09-10,0001477932-26-005520,us-gaap,USD,cover_identity,empty_parser_failure,,UnsupportedFilerError: foreign filer has no exact filing-cover security title for this ticker,https://www.sec.gov/Archives/edgar/data/1780785/000147793226005520/R1.htm through R3.htm
CNI,0000016868,CANADIAN NATIONAL RAILWAY CO,NYSE,181,2026-09-27T20:04:26+00:00,2026-02-04,0001104659-26-010352,,,statement_coherence,incomplete_company_facts,,UnsupportedFilerError: filer's current foreign annual report does not carry a coherent standard US-GAAP or IFRS balance sheet in one identifiable ISO currency,https://data.sec.gov/api/xbrl/companyfacts/CIK0000016868.json
CPTAF,0001967478,Captivision Inc.,OTC,181,2026-09-27T20:12:10+00:00,2024-05-24,0000950170-24-064670,ifrs-full,USD,cover_identity,stale_otc_mapping,,UnsupportedFilerError: foreign filer has no exact filing-cover security title for this ticker,https://www.sec.gov/Archives/edgar/data/1967478/000095017024064670/R1.htm through R3.htm
CRESY,0001034957,CRESUD INC,Nasdaq,181,2026-09-27T20:07:19+00:00,2025-10-24,0001654954-25-012195,ifrs-full,ARS,cover_identity,empty_parser_failure,,UnsupportedFilerError: foreign filer has no exact filing-cover security title for this ticker,https://www.sec.gov/Archives/edgar/data/1034957/000165495425012195/R1.htm through R3.htm
CRLBF,0001832928,Cresco Labs Inc.,OTC,181,2026-09-27T20:11:54+00:00,2026-03-06,0001832928-26-000005,us-gaap,USD,cover_identity,missing_raw_cover_evidence,,UnsupportedFilerError: foreign filer has no exact filing-cover security title for this ticker,https://www.sec.gov/Archives/edgar/data/1832928/000183292826000005/R1.htm through R3.htm
CSCIF,0001113423,COSCIENS Biopharma Inc.,OTC,181,2026-09-27T20:08:04+00:00,2026-03-25,0001493152-26-012703,ifrs-full,USD,cover_identity,missing_raw_cover_evidence,,UnsupportedFilerError: foreign filer has no exact filing-cover security title for this ticker,https://www.sec.gov/Archives/edgar/data/1113423/000149315226012703/R1.htm through R3.htm
CWLXF,0000831609,C21 Investments Inc.,OTC,181,2026-09-27T20:06:04+00:00,2026-06-12,0001062993-26-003168,us-gaap,USD,cover_identity,missing_raw_cover_evidence,,UnsupportedFilerError: foreign filer has no exact filing-cover security title for this ticker,https://www.sec.gov/Archives/edgar/data/831609/000106299326003168/R1.htm through R3.htm
DAVA,0001656081,Endava plc,NYSE,181,2026-09-27T20:11:08+00:00,2025-09-04,0001656081-25-000039,ifrs-full,GBP,cover_identity,empty_parser_failure,,UnsupportedFilerError: foreign filer has no exact filing-cover security title for this ticker,https://www.sec.gov/Archives/edgar/data/1656081/000165608125000039/R1.htm through R3.htm
DAVI,0002039072,DAVION HEALTHCARE PLC,,181,2026-09-27T20:12:14+00:00,2026-05-06,0001683168-26-003530,,,statement_coherence,incomplete_company_facts,,UnsupportedFilerError: filer's current foreign annual report does not carry a coherent standard US-GAAP or IFRS balance sheet in one identifiable ISO currency,https://data.sec.gov/api/xbrl/companyfacts/CIK0002039072.json
DAZSD,0001896511,ZKGC New Energy Ltd,,181,2026-09-27T20:12:05+00:00,2023-10-16,0001013762-23-004045,us-gaap,USD,cover_identity,missing_raw_cover_evidence,,UnsupportedFilerError: foreign filer has no exact filing-cover security title for this ticker,https://www.sec.gov/Archives/edgar/data/1896511/000101376223004045/R1.htm through R3.htm
DOX,0001062579,AMDOCS LTD,Nasdaq,181,2026-09-27T20:07:38+00:00,2024-12-17,0000950170-24-137381,us-gaap,USD,cover_identity,empty_parser_failure,,UnsupportedFilerError: foreign filer has no exact filing-cover security title for this ticker,https://www.sec.gov/Archives/edgar/data/1062579/000095017024137381/R1.htm through R3.htm
DPU,0001938865,Top KingWin Ltd,Nasdaq,181,2026-09-27T20:12:08+00:00,2026-04-08,0001213900-26-041488,us-gaap,USD,cover_identity,empty_parser_failure,,UnsupportedFilerError: foreign filer has no exact filing-cover security title for this ticker,https://www.sec.gov/Archives/edgar/data/1938865/000121390026041488/R1.htm through R3.htm
DSGX,0001050140,DESCARTES SYSTEMS GROUP INC,Nasdaq,181,2026-09-27T20:07:30+00:00,2026-03-11,0001104659-26-026450,us-gaap,USD,cover_identity,empty_parser_failure,,UnsupportedFilerError: foreign filer has no exact filing-cover security title for this ticker,https://www.sec.gov/Archives/edgar/data/1050140/000110465926026450/R1.htm through R3.htm
DSX,0001318885,DIANA SHIPPING INC.,NYSE,181,2026-09-27T20:08:53+00:00,2026-03-13,0001562762-26-000030,us-gaap,USD,cover_identity,empty_parser_failure,,UnsupportedFilerError: foreign filer has no exact filing-cover security title for this ticker,https://www.sec.gov/Archives/edgar/data/1318885/000156276226000030/R1.htm through R3.htm
EGG,0001982961,ENIGMATIG LTD,NYSE,181,2026-09-27T20:12:11+00:00,2026-02-17,0001493152-26-006963,us-gaap,USD,cover_identity,missing_raw_cover_evidence,,UnsupportedFilerError: foreign filer has no exact filing-cover security title for this ticker,https://www.sec.gov/Archives/edgar/data/1982961/000149315226006963/R1.htm through R3.htm
EGLXF,0001854233,Enthusiast Gaming Holdings Inc. / Canada,OTC,181,2026-09-27T20:11:59+00:00,2023-05-04,0001539497-23-000847,ifrs-full,CAD,cover_identity,stale_otc_mapping,,UnsupportedFilerError: foreign filer has no exact filing-cover security title for this ticker,https://www.sec.gov/Archives/edgar/data/1854233/000153949723000847/R1.htm through R3.htm
EGMCF,0001199392,EMERGENT METALS CORP.,OTC,181,2026-09-27T20:08:29+00:00,2018-05-08,0001137171-18-000059,ifrs-full,USD,cover_identity,missing_raw_cover_evidence,,UnsupportedFilerError: foreign filer has no exact filing-cover security title for this ticker,https://www.sec.gov/Archives/edgar/data/1199392/000113717118000059/R1.htm through R3.htm
EHLD,0002032779,Euroholdings Ltd.,Nasdaq,181,2026-09-27T20:12:13+00:00,2026-04-30,0001477932-26-002657,us-gaap,USD,cover_identity,empty_parser_failure,,UnsupportedFilerError: foreign filer has no exact filing-cover security title for this ticker,https://www.sec.gov/Archives/edgar/data/2032779/000147793226002657/R1.htm through R3.htm
EHVVF,0001653606,"Ehave, Inc.",OTC,181,2026-09-27T20:11:08+00:00,2026-05-19,0001493152-26-024273,us-gaap,USD,cover_identity,missing_raw_cover_evidence,,UnsupportedFilerError: foreign filer has no exact filing-cover security title for this ticker,https://www.sec.gov/Archives/edgar/data/1653606/000149315226024273/R1.htm through R3.htm
EMA,0001127248,EMERA INC,NYSE,181,2026-09-27T20:08:10+00:00,2026-02-23,0001193125-26-062876,us-gaap,CAD,cover_identity,empty_parser_failure,,UnsupportedFilerError: foreign filer has no exact filing-cover security title for this ticker,https://www.sec.gov/Archives/edgar/data/1127248/000119312526062876/R1.htm through R3.htm
EOCN,0001595353,Galmed Pharmaceuticals Ltd.,Nasdaq,181,2026-09-27T20:10:46+00:00,2026-03-31,0001493152-26-014182,us-gaap,USD,cover_identity,symbol_mismatch,,UnsupportedFilerError: foreign filer has no exact filing-cover security title for this ticker,https://www.sec.gov/Archives/edgar/data/1595353/000149315226014182/R1.htm through R3.htm
EPWKF,0001900720,EPWK Holdings Ltd.,OTC,181,2026-09-27T20:12:06+00:00,2026-01-14,0001213900-26-004153,us-gaap,USD,cover_identity,empty_parser_failure,,UnsupportedFilerError: foreign filer has no exact filing-cover security title for this ticker,https://www.sec.gov/Archives/edgar/data/1900720/000121390026004153/R1.htm through R3.htm
ERIC,0000717826,ERICSSON LM TELEPHONE CO,Nasdaq,181,2026-09-27T20:05:30+00:00,2026-03-12,0001193125-26-104149,ifrs-full,SEK,depositary_ratio,ratio_present_in_cover_title,1,UnsupportedFilerError: foreign depositary security has no resolved positive cover-page ratio,https://www.sec.gov/Archives/edgar/data/717826/000119312526104149/d948057d20f.htm
ERLFF,0001271554,Entree Resources Ltd.,OTC,181,2026-09-27T20:08:37+00:00,2023-03-31,0001193125-23-086857,ifrs-full,USD,cover_identity,missing_raw_cover_evidence,,UnsupportedFilerError: foreign filer has no exact filing-cover security title for this ticker,https://www.sec.gov/Archives/edgar/data/1271554/000119312523086857/R1.htm through R3.htm
FAMI,0001701261,"Farmmi, Inc.",Nasdaq,181,2026-09-27T20:11:21+00:00,2026-02-10,0001477932-26-000727,us-gaap,USD,cover_identity,empty_parser_failure,,UnsupportedFilerError: foreign filer has no exact filing-cover security title for this ticker,https://www.sec.gov/Archives/edgar/data/1701261/000147793226000727/R1.htm through R3.htm
FFMGF,0001641229,First Mining Gold Corp.,OTC,181,2026-09-27T20:11:03+00:00,2026-04-01,0001654954-26-003111,ifrs-full,CAD,cover_identity,missing_raw_cover_evidence,,UnsupportedFilerError: foreign filer has no exact filing-cover security title for this ticker,https://www.sec.gov/Archives/edgar/data/1641229/000165495426003111/R1.htm through R3.htm
FMS,0001333141,Fresenius Medical Care AG,NYSE,181,2026-09-27T20:08:59+00:00,2026-02-24,0001104659-26-019005,ifrs-full,EUR,depositary_ratio,primary_document_footnote_or_prose,0.5,UnsupportedFilerError: foreign depositary security has no resolved positive cover-page ratio,https://www.sec.gov/Archives/edgar/data/1333141/000110465926019005/fms-20251231x20f.htm
FMX,0001061736,MEXICAN ECONOMIC DEVELOPMENT INC,NYSE,181,2026-09-27T20:07:37+00:00,2025-04-24,0001628280-25-019714,ifrs-full,USD,depositary_ratio,ratio_present_in_cover_title,10 BD units,UnsupportedFilerError: foreign depositary security has no resolved positive cover-page ratio,https://www.sec.gov/Archives/edgar/data/1061736/000162828025019714/fmx-20241231.htm
FNCTF,0001038143,ORANGE,,181,2026-09-27T20:07:21+00:00,2024-03-29,0001634621-24-000010,ifrs-full,EUR,cover_identity,stale_otc_mapping,,UnsupportedFilerError: foreign filer has no exact filing-cover security title for this ticker,https://www.sec.gov/Archives/edgar/data/1038143/000163462124000010/R1.htm through R3.htm
FRFHF,0000915191,FAIRFAX FINANCIAL HOLDINGS LTD/ CAN,OTC,181,2026-09-27T20:06:43+00:00,2026-03-06,0001104659-26-024781,ifrs-full,USD,cover_identity,missing_raw_cover_evidence,,UnsupportedFilerError: foreign filer has no exact filing-cover security title for this ticker,https://www.sec.gov/Archives/edgar/data/915191/000110465926024781/R1.htm through R3.htm
FTRKF,0002027262,Fast Track Group,Nasdaq,181,2026-09-27T20:12:13+00:00,2026-06-30,0001493152-26-031197,us-gaap,USD,cover_identity,stale_otc_mapping,,UnsupportedFilerError: foreign filer has no exact filing-cover security title for this ticker,https://www.sec.gov/Archives/edgar/data/2027262/000149315226031197/R1.htm through R3.htm
FURY,0001514597,FURY GOLD MINES LTD,NYSE,181,2026-09-27T20:10:13+00:00,2026-03-31,0001171843-26-002083,ifrs-full,CAD,cover_identity,empty_parser_failure,,UnsupportedFilerError: foreign filer has no exact filing-cover security title for this ticker,https://www.sec.gov/Archives/edgar/data/1514597/000117184326002083/R1.htm through R3.htm
GCDT,0001926293,Green Circle Decarbonize Technology Ltd,NYSE,181,2026-09-27T20:12:07+00:00,2026-08-14,0001493152-26-038530,,,statement_coherence,incomplete_company_facts,,UnsupportedFilerError: filer's current foreign annual report does not carry a coherent standard US-GAAP or IFRS balance sheet in one identifiable ISO currency,https://data.sec.gov/api/xbrl/companyfacts/CIK0001926293.json
GDRZF,0001072725,GOLD RESERVE LTD,OTC,181,2026-09-27T20:07:44+00:00,2024-04-19,0001072725-24-000011,us-gaap,USD,cover_identity,missing_raw_cover_evidence,,UnsupportedFilerError: foreign filer has no exact filing-cover security title for this ticker,https://www.sec.gov/Archives/edgar/data/1072725/000107272524000011/R1.htm through R3.htm
GEBRF,0001570843,Greenbriar Sustainable Living Inc.,OTC,181,2026-09-27T20:10:35+00:00,2025-05-09,0001062993-25-008938,ifrs-full,CAD,cover_identity,missing_raw_cover_evidence,,UnsupportedFilerError: foreign filer has no exact filing-cover security title for this ticker,https://www.sec.gov/Archives/edgar/data/1570843/000106299325008938/R1.htm through R3.htm
GGAL,0001114700,GRUPO FINANCIERO GALICIA SA,Nasdaq,181,2026-09-27T20:08:04+00:00,2025-04-28,0001114700-25-000049,ifrs-full,ARS,cover_identity,empty_parser_failure,,UnsupportedFilerError: foreign filer has no exact filing-cover security title for this ticker,https://www.sec.gov/Archives/edgar/data/1114700/000111470025000049/R1.htm through R3.htm
GGB,0001073404,GERDAU S.A.,NYSE,181,2026-09-27T20:07:44+00:00,2026-03-13,0001104659-26-027678,ifrs-full,BRL,cover_identity,wrong_security_class,,UnsupportedFilerError: foreign filer has no exact filing-cover security title for this ticker,https://www.sec.gov/Archives/edgar/data/1073404/000110465926027678/R1.htm through R3.htm
GIGGF,0001336364,Giga Metals Corp,OTC,181,2026-09-27T20:09:01+00:00,2021-04-29,0001062993-21-003933,ifrs-full,CAD,cover_identity,missing_raw_cover_evidence,,UnsupportedFilerError: foreign filer has no exact filing-cover security title for this ticker,https://www.sec.gov/Archives/edgar/data/1336364/000106299321003933/R1.htm through R3.htm
GLAS,0001848731,Glass House Brands Inc.,NYSE,181,2026-09-27T20:11:58+00:00,2026-03-24,0001848731-26-000015,us-gaap,USD,cover_identity,empty_parser_failure,,UnsupportedFilerError: foreign filer has no exact filing-cover security title for this ticker,https://www.sec.gov/Archives/edgar/data/1848731/000184873126000015/R1.htm through R3.htm
GLBS,0001499780,GLOBUS MARITIME LTD,Nasdaq,181,2026-09-27T20:10:07+00:00,2026-03-16,0001104659-26-028476,ifrs-full,USD,cover_identity,empty_parser_failure,,UnsupportedFilerError: foreign filer has no exact filing-cover security title for this ticker,https://www.sec.gov/Archives/edgar/data/1499780/000110465926028476/R1.htm through R3.htm
GLDI,0001053092,CREDIT SUISSE AG,Nasdaq,181,2026-09-27T20:07:32+00:00,2024-03-28,0001370368-24-000013,us-gaap,CHF,cover_identity,wrong_security_class,,UnsupportedFilerError: foreign filer has no exact filing-cover security title for this ticker,https://www.sec.gov/Archives/edgar/data/1053092/000137036824000013/R1.htm through R3.htm
GLOP-PA,0001598655,GasLog Partners LP,NYSE,178,2026-09-23T04:58:22+00:00,2026-03-19,0001104659-26-031782,ifrs-full,USD,cover_identity,missing_raw_cover_evidence,,UnsupportedFilerError: foreign filer has no exact filing-cover security title for this ticker,https://www.sec.gov/Archives/edgar/data/1598655/000110465926031782/R1.htm through R3.htm
GMAB,0001434265,GENMAB A/S,Nasdaq,181,2026-09-27T20:09:42+00:00,2026-02-17,0001434265-26-000014,ifrs-full,USD,depositary_ratio,ratio_present_in_cover_title,0.1,UnsupportedFilerError: foreign depositary security has no resolved positive cover-page ratio,https://www.sec.gov/Archives/edgar/data/1434265/000143426526000014/gmab-20251231_d2.htm
GMEX,0001928581,GMEX Robotics Corp,Nasdaq,181,2026-09-27T20:12:07+00:00,2025-11-14,0001493152-25-023553,us-gaap,USD,cover_identity,symbol_mismatch,,UnsupportedFilerError: foreign filer has no exact filing-cover security title for this ticker,https://www.sec.gov/Archives/edgar/data/1928581/000149315225023553/R1.htm through R3.htm
GMTL,0002039972,Guardian Metal Resources PLC,NYSE,181,2026-09-27T20:12:14+00:00,2026-09-17,0001104659-26-108373,,,statement_coherence,incomplete_company_facts,,UnsupportedFilerError: filer's current foreign annual report does not carry a coherent standard US-GAAP or IFRS balance sheet in one identifiable ISO currency,https://data.sec.gov/api/xbrl/companyfacts/CIK0002039972.json
GNOLF,0001261002,GENOIL INC,OTC,181,2026-09-27T20:08:35+00:00,2025-05-01,0001654954-25-004987,us-gaap,USD,cover_identity,missing_raw_cover_evidence,,UnsupportedFilerError: foreign filer has no exact filing-cover security title for this ticker,https://www.sec.gov/Archives/edgar/data/1261002/000165495425004987/R1.htm through R3.htm
GNS,0001847806,Genius Group Ltd,NYSE,181,2026-09-27T20:11:58+00:00,2026-03-09,0001493152-26-009371,ifrs-full,USD,cover_identity,empty_parser_failure,,UnsupportedFilerError: foreign filer has no exact filing-cover security title for this ticker,https://www.sec.gov/Archives/edgar/data/1847806/000149315226009371/R1.htm through R3.htm
GNTOF,0001346917,GENTOR RESOURCES INC.,OTC,181,2026-09-27T20:09:04+00:00,2026-04-30,0001062993-26-002236,us-gaap,USD,cover_identity,missing_raw_cover_evidence,,UnsupportedFilerError: foreign filer has no exact filing-cover security title for this ticker,https://www.sec.gov/Archives/edgar/data/1346917/000106299326002236/R1.htm through R3.htm
GOTU,0001768259,Gaotu Techedu Inc.,NYSE,181,2026-09-27T20:11:37+00:00,2026-04-22,0001193125-26-168211,us-gaap,USD,depositary_ratio,ratio_present_in_cover_title,2/3,UnsupportedFilerError: foreign depositary security has no resolved positive cover-page ratio,https://www.sec.gov/Archives/edgar/data/1768259/000119312526168211/gotu-20251231.htm
GRSD,0001839799,GRANDSTAND Ltd,Nasdaq,181,2026-09-27T20:11:56+00:00,2026-03-19,0001839799-26-000048,ifrs-full,USD,cover_identity,symbol_mismatch,,UnsupportedFilerError: foreign filer has no exact filing-cover security title for this ticker,https://www.sec.gov/Archives/edgar/data/1839799/000183979926000048/R1.htm through R3.htm
GRTUF,0001564538,GRANITE REAL ESTATE INVESTMENT TRUST,,181,2026-09-27T20:10:33+00:00,2025-02-26,0001628280-25-008224,ifrs-full,CAD,cover_identity,stale_otc_mapping,,UnsupportedFilerError: foreign filer has no exact filing-cover security title for this ticker,https://www.sec.gov/Archives/edgar/data/1564538/000162828025008224/R1.htm through R3.htm
GRVT,0002078037,GreenVector Holdings Ltd,,181,2026-09-27T20:12:15+00:00,2026-07-31,0001493152-26-035692,us-gaap,USD,cover_identity,missing_raw_cover_evidence,,UnsupportedFilerError: foreign filer has no exact filing-cover security title for this ticker,https://www.sec.gov/Archives/edgar/data/2078037/000149315226035692/R1.htm through R3.htm
GVHGF,0001892274,Visionary Holdings Inc.,Nasdaq,181,2026-09-27T20:12:05+00:00,2026-01-28,0001575872-26-000048,us-gaap,USD,cover_identity,stale_otc_mapping,,UnsupportedFilerError: foreign filer has no exact filing-cover security title for this ticker,https://www.sec.gov/Archives/edgar/data/1892274/000157587226000048/R1.htm through R3.htm
HAMVF,0002039079,Hamco Ventures Ltd,,181,2026-09-27T20:12:14+00:00,2025-10-24,0001753926-25-001641,us-gaap,USD,cover_identity,missing_raw_cover_evidence,,UnsupportedFilerError: foreign filer has no exact filing-cover security title for this ticker,https://www.sec.gov/Archives/edgar/data/2039079/000175392625001641/R1.htm through R3.htm
HBNB,0002054507,Hotel101 Global Holdings Corp.,Nasdaq,181,2026-09-27T20:12:14+00:00,2026-04-30,0001213900-26-049771,,,statement_coherence,incomplete_company_facts,,UnsupportedFilerError: filer's current foreign annual report does not carry a coherent standard US-GAAP or IFRS balance sheet in one identifiable ISO currency,https://data.sec.gov/api/xbrl/companyfacts/CIK0002054507.json
HDB,0001144967,HDFC BANK LTD,NYSE,181,2026-09-27T20:08:18+00:00,2025-07-14,0001193125-25-158722,us-gaap,USD,depositary_ratio,ratio_present_in_cover_title,3,UnsupportedFilerError: foreign depositary security has no resolved positive cover-page ratio,https://www.sec.gov/Archives/edgar/data/1144967/000119312525158722/d854075d20f.htm
HELP,0001833141,CYBIN INC.,Nasdaq,181,2026-09-27T20:11:54+00:00,2025-07-01,0001628280-25-033606,ifrs-full,CAD,cover_identity,symbol_mismatch,,UnsupportedFilerError: foreign filer has no exact filing-cover security title for this ticker,https://www.sec.gov/Archives/edgar/data/1833141/000162828025033606/R1.htm through R3.htm
HERE,0001932770,Here Group Ltd,Nasdaq,181,2026-09-27T20:12:07+00:00,2025-10-31,0001213900-25-104390,us-gaap,USD,cover_identity,symbol_mismatch,,UnsupportedFilerError: foreign filer has no exact filing-cover security title for this ticker,https://www.sec.gov/Archives/edgar/data/1932770/000121390025104390/R1.htm through R3.htm
HMELF,0001853630,Hold Me Ltd,,181,2026-09-27T20:11:59+00:00,2026-05-14,0001213900-26-056780,us-gaap,ILS,cover_identity,missing_raw_cover_evidence,,UnsupportedFilerError: foreign filer has no exact filing-cover security title for this ticker,https://www.sec.gov/Archives/edgar/data/1853630/000121390026056780/R1.htm through R3.htm
HRNNF,0001712356,Hydro One Ltd,OTC,181,2026-09-27T20:11:25+00:00,2026-02-13,0001628280-26-008009,us-gaap,CAD,cover_identity,missing_raw_cover_evidence,,UnsupportedFilerError: foreign filer has no exact filing-cover security title for this ticker,https://www.sec.gov/Archives/edgar/data/1712356/000162828026008009/R1.htm through R3.htm
HTHIY,0000047710,HITACHI LTD,OTC,181,2026-09-27T20:04:41+00:00,2011-07-21,0001193125-11-192990,us-gaap,JPY,cover_identity,stale_otc_mapping,,UnsupportedFilerError: foreign filer has no exact filing-cover security title for this ticker,https://www.sec.gov/Archives/edgar/data/47710/000119312511192990/R1.htm through R3.htm
ICON,0001995574,Icon Energy Corp,Nasdaq,181,2026-09-27T20:12:12+00:00,2026-02-24,0001140361-26-006582,us-gaap,USD,cover_identity,empty_parser_failure,,UnsupportedFilerError: foreign filer has no exact filing-cover security title for this ticker,https://www.sec.gov/Archives/edgar/data/1995574/000114036126006582/R1.htm through R3.htm
ICTSF,0001010134,ICTS INTERNATIONAL N V,OTC,181,2026-09-27T20:07:07+00:00,2026-04-30,0001178913-26-002313,us-gaap,USD,cover_identity,missing_raw_cover_evidence,,UnsupportedFilerError: foreign filer has no exact filing-cover security title for this ticker,https://www.sec.gov/Archives/edgar/data/1010134/000117891326002313/R1.htm through R3.htm
ILLMF,0001861233,illumin Holdings Inc.,OTC,181,2026-09-27T20:12:01+00:00,2023-03-09,0001171843-23-001562,ifrs-full,CAD,cover_identity,stale_otc_mapping,,UnsupportedFilerError: foreign filer has no exact filing-cover security title for this ticker,https://www.sec.gov/Archives/edgar/data/1861233/000117184323001562/R1.htm through R3.htm
IMMP,0001506184,IMMUTEP Ltd,Nasdaq,181,2026-09-27T20:10:10+00:00,2025-10-24,0001193125-25-249346,ifrs-full,AUD,cover_identity,empty_parser_failure,,UnsupportedFilerError: foreign filer has no exact filing-cover security title for this ticker,https://www.sec.gov/Archives/edgar/data/1506184/000119312525249346/R1.htm through R3.htm
ING,0001039765,ING GROEP NV,NYSE,181,2026-09-27T20:07:22+00:00,2026-02-26,0001628280-26-011979,ifrs-full,EUR,depositary_ratio,primary_document_footnote_or_prose,1,UnsupportedFilerError: foreign depositary security has no resolved positive cover-page ratio,https://www.sec.gov/Archives/edgar/data/1039765/000162828026011979/ing-20251231.htm
IRS,0000933267,IRSA INVESTMENTS & REPRESENTATIONS INC,NYSE,181,2026-09-27T20:06:54+00:00,2025-10-24,0001654954-25-012190,ifrs-full,ARS,cover_identity,empty_parser_failure,,UnsupportedFilerError: foreign filer has no exact filing-cover security title for this ticker,https://www.sec.gov/Archives/edgar/data/933267/000165495425012190/R1.htm through R3.htm
ITMSF,0001285170,INTERMAP TECHNOLOGIES CORP,OTC,181,2026-09-27T20:08:42+00:00,2026-04-01,0001493152-26-014403,ifrs-full,USD,cover_identity,missing_raw_cover_evidence,,UnsupportedFilerError: foreign filer has no exact filing-cover security title for this ticker,https://www.sec.gov/Archives/edgar/data/1285170/000149315226014403/R1.htm through R3.htm
ITUB,0001132597,Itau Unibanco Holding S.A.,NYSE,181,2026-09-27T20:08:12+00:00,2025-04-28,0001292814-25-001684,ifrs-full,BRL,cover_identity,wrong_security_class,,UnsupportedFilerError: foreign filer has no exact filing-cover security title for this ticker,https://www.sec.gov/Archives/edgar/data/1132597/000129281425001684/R1.htm through R3.htm
JG,0001737339,Aurora Mobile Ltd,Nasdaq,181,2026-09-27T20:11:30+00:00,2026-03-27,0001104659-26-035657,us-gaap,USD,depositary_ratio,ratio_present_in_cover_title,40/3,UnsupportedFilerError: foreign depositary security has no resolved positive cover-page ratio,https://www.sec.gov/Archives/edgar/data/1737339/000110465926035657/jg-20251231x20f.htm
KAZR,0002031009,Skyline Builders Group Holding Ltd,Nasdaq,181,2026-09-27T20:12:13+00:00,2026-08-21,0001213900-26-092307,us-gaap,USD,cover_identity,empty_parser_failure,,UnsupportedFilerError: foreign filer has no exact filing-cover security title for this ticker,https://www.sec.gov/Archives/edgar/data/2031009/000121390026092307/R1.htm through R3.htm
KDOZF,0001318482,KIDOZ INC.,OTC,181,2026-09-27T20:08:53+00:00,2026-04-29,0001493152-26-019626,us-gaap,USD,cover_identity,missing_raw_cover_evidence,,UnsupportedFilerError: foreign filer has no exact filing-cover security title for this ticker,https://www.sec.gov/Archives/edgar/data/1318482/000149315226019626/R1.htm through R3.htm
KIQSF,0001161814,KELSO TECHNOLOGIES INC,OTC,181,2026-09-27T20:08:21+00:00,2026-03-30,0001062993-26-001683,ifrs-full,USD,cover_identity,missing_raw_cover_evidence,,UnsupportedFilerError: foreign filer has no exact filing-cover security title for this ticker,https://www.sec.gov/Archives/edgar/data/1161814/000106299326001683/R1.htm through R3.htm
KOF,0000910631,COCA COLA FEMSA SAB DE CV,NYSE,181,2026-09-27T20:06:40+00:00,2025-04-10,0001628280-25-017225,ifrs-full,MXN,depositary_ratio,ratio_present_in_cover_title,10 units,UnsupportedFilerError: foreign depositary security has no resolved positive cover-page ratio,https://www.sec.gov/Archives/edgar/data/910631/000162828025017225/kof-20241231.htm
KYOCF,0000057083,KYOCERA CORP,,181,2026-09-27T20:04:44+00:00,2018-06-27,0001193125-18-204611,us-gaap,JPY,cover_identity,stale_otc_mapping,,UnsupportedFilerError: foreign filer has no exact filing-cover security title for this ticker,https://www.sec.gov/Archives/edgar/data/57083/000119312518204611/R1.htm through R3.htm
LINMF,0001066130,Linear Minerals Corp,,181,2026-09-27T20:07:39+00:00,2024-08-08,0001176256-24-000079,ifrs-full,CAD,cover_identity,missing_raw_cover_evidence,,UnsupportedFilerError: foreign filer has no exact filing-cover security title for this ticker,https://www.sec.gov/Archives/edgar/data/1066130/000117625624000079/R1.htm through R3.htm
LKFT,0001421876,Lakefront Biotherapeutics NV,Nasdaq,181,2026-09-27T20:09:36+00:00,2026-03-26,0001104659-26-035163,ifrs-full,EUR,cover_identity,symbol_mismatch,,UnsupportedFilerError: foreign filer has no exact filing-cover security title for this ticker,https://www.sec.gov/Archives/edgar/data/1421876/000110465926035163/R1.htm through R3.htm
LKNCY,0001767582,Luckin Coffee Inc.,OTC,181,2026-09-27T20:11:37+00:00,2026-03-27,0001104659-26-035712,us-gaap,USD,cover_identity,empty_parser_failure,,UnsupportedFilerError: foreign filer has no exact filing-cover security title for this ticker,https://www.sec.gov/Archives/edgar/data/1767582/000110465926035712/R1.htm through R3.htm
LVRLF,0001168981,CordovaCann Corp.,OTC,181,2026-09-27T20:08:24+00:00,2026-02-02,0001654954-26-000803,ifrs-full,CAD,cover_identity,missing_raw_cover_evidence,,UnsupportedFilerError: foreign filer has no exact filing-cover security title for this ticker,https://www.sec.gov/Archives/edgar/data/1168981/000165495426000803/R1.htm through R3.htm
LYG,0001160106,Lloyds Banking Group plc,NYSE,181,2026-09-27T20:08:21+00:00,2026-02-13,0001160106-26-000010,ifrs-full,GBP,cover_identity,symbol_mismatch,,UnsupportedFilerError: foreign filer has no exact filing-cover security title for this ticker,https://www.sec.gov/Archives/edgar/data/1160106/000116010626000010/R1.htm through R3.htm
LYTHF,0001816319,Lytus Technologies Holdings PTV. Ltd.,OTC,181,2026-09-27T20:11:48+00:00,2025-08-14,0001213900-25-076810,ifrs-full,USD,cover_identity,no_registered_class,,UnsupportedFilerError: foreign filer has no exact filing-cover security title for this ticker,https://www.sec.gov/Archives/edgar/data/1816319/000121390025076810/R1.htm through R3.htm
MAXNQ,0001796898,"Maxeon Solar Technologies, Ltd.",OTC,181,2026-09-27T20:11:43+00:00,2025-04-30,0001796898-25-000031,us-gaap,USD,cover_identity,stale_otc_mapping,,UnsupportedFilerError: foreign filer has no exact filing-cover security title for this ticker,https://www.sec.gov/Archives/edgar/data/1796898/000179689825000031/R1.htm through R3.htm
MCRP,0001993431,Micropolis AI Robotics,NYSE,181,2026-09-27T20:12:11+00:00,2025-05-08,0001213900-25-040772,ifrs-full,USD,cover_identity,empty_parser_failure,,UnsupportedFilerError: foreign filer has no exact filing-cover security title for this ticker,https://www.sec.gov/Archives/edgar/data/1993431/000121390025040772/R1.htm through R3.htm
MDNAF,0001807983,Medicenna Therapeutics Corp.,OTC,181,2026-09-27T20:11:46+00:00,2023-06-27,0001171843-23-004170,ifrs-full,CAD,cover_identity,stale_otc_mapping,,UnsupportedFilerError: foreign filer has no exact filing-cover security title for this ticker,https://www.sec.gov/Archives/edgar/data/1807983/000117184323004170/R1.htm through R3.htm
MF,0001888525,MindForge Inc.,Nasdaq,181,2026-09-27T20:12:05+00:00,2025-10-24,0001213900-25-102251,us-gaap,USD,cover_identity,symbol_mismatch,,UnsupportedFilerError: foreign filer has no exact filing-cover security title for this ticker,https://www.sec.gov/Archives/edgar/data/1888525/000121390025102251/R1.htm through R3.htm
MMTIF,0001085921,MICROMEM TECHNOLOGIES INC,OTC,181,2026-09-27T20:07:49+00:00,2026-02-20,0001062993-26-001096,ifrs-full,USD,cover_identity,missing_raw_cover_evidence,,UnsupportedFilerError: foreign filer has no exact filing-cover security title for this ticker,https://www.sec.gov/Archives/edgar/data/1085921/000106299326001096/R1.htm through R3.htm
MMTZF,0001854078,MindMaze Therapeutics Holding SA,,181,2026-09-27T20:11:59+00:00,2024-04-30,0001193125-24-125218,ifrs-full,CHF,cover_identity,stale_otc_mapping,,UnsupportedFilerError: foreign filer has no exact filing-cover security title for this ticker,https://www.sec.gov/Archives/edgar/data/1854078/000119312524125218/R1.htm through R3.htm
MOGU,0001743971,MOGU Inc.,NYSE,181,2026-09-27T20:11:32+00:00,2026-07-24,0001193125-26-315001,us-gaap,USD,cover_identity,empty_parser_failure,,UnsupportedFilerError: foreign filer has no exact filing-cover security title for this ticker,https://www.sec.gov/Archives/edgar/data/1743971/000119312526315001/R1.htm through R3.htm
MTLK,0001098462,METALINK LTD,OTC,181,2026-09-27T20:07:56+00:00,2026-04-29,0001096906-26-000634,us-gaap,USD,cover_identity,missing_raw_cover_evidence,,UnsupportedFilerError: foreign filer has no exact filing-cover security title for this ticker,https://www.sec.gov/Archives/edgar/data/1098462/000109690626000634/R1.htm through R3.htm
MUFG,0000067088,MITSUBISHI UFJ FINANCIAL GROUP INC,NYSE,181,2026-09-27T20:04:49+00:00,2026-07-06,0001628280-26-047095,us-gaap,JPY,cover_identity,empty_parser_failure,,UnsupportedFilerError: foreign filer has no exact filing-cover security title for this ticker,https://www.sec.gov/Archives/edgar/data/67088/000162828026047095/R1.htm through R3.htm
NA,0001872302,Nano Labs Ltd,Nasdaq,181,2026-09-27T20:12:03+00:00,2026-04-13,0001213900-26-042816,us-gaap,USD,cover_identity,empty_parser_failure,,UnsupportedFilerError: foreign filer has no exact filing-cover security title for this ticker,https://www.sec.gov/Archives/edgar/data/1872302/000121390026042816/R1.htm through R3.htm
NCNA,0001709626,NuCana plc,Nasdaq,181,2026-09-27T20:11:24+00:00,2026-03-19,0001193125-26-116030,ifrs-full,GBP,depositary_ratio,ratio_present_in_cover_title,5000,UnsupportedFilerError: foreign depositary security has no resolved positive cover-page ratio,https://www.sec.gov/Archives/edgar/data/1709626/000119312526116030/ncna-20251231.htm
NIKI,0001734005,"Niki BioSolutions, Inc.",Nasdaq,181,2026-09-27T20:11:30+00:00,2026-03-27,0001213900-26-035484,us-gaap,USD,cover_identity,symbol_mismatch,,UnsupportedFilerError: foreign filer has no exact filing-cover security title for this ticker,https://www.sec.gov/Archives/edgar/data/1734005/000121390026035484/R1.htm through R3.htm
NMPGY,0001333172,Navios Maritime Holdings Inc.,,181,2026-09-27T20:08:59+00:00,2023-03-28,0001193125-23-080667,us-gaap,USD,cover_identity,stale_otc_mapping,,UnsupportedFilerError: foreign filer has no exact filing-cover security title for this ticker,https://www.sec.gov/Archives/edgar/data/1333172/000119312523080667/R1.htm through R3.htm
NSFDF,0001009922,NXT Energy Solutions Inc.,OTC,181,2026-09-27T20:07:07+00:00,2025-04-30,0001654954-25-004837,us-gaap,CAD,cover_identity,missing_raw_cover_evidence,,UnsupportedFilerError: foreign filer has no exact filing-cover security title for this ticker,https://www.sec.gov/Archives/edgar/data/1009922/000165495425004837/R1.htm through R3.htm
NTTYY,0000769594,NIPPON TELEGRAPH & TELEPHONE CORP,OTC,181,2026-09-27T20:05:45+00:00,2017-06-28,0001193125-17-215528,us-gaap,JPY,cover_identity,stale_otc_mapping,,UnsupportedFilerError: foreign filer has no exact filing-cover security title for this ticker,https://www.sec.gov/Archives/edgar/data/769594/000119312517215528/R1.htm through R3.htm
NVO,0000353278,NOVO NORDISK A S,NYSE,181,2026-09-27T20:05:22+00:00,2026-02-04,0000353278-26-000012,ifrs-full,DKK,depositary_ratio,ratio_present_in_cover_title,1,UnsupportedFilerError: foreign depositary security has no resolved positive cover-page ratio,https://www.sec.gov/Archives/edgar/data/353278/000035327826000012/nvo-20251231.htm
NXAT,0002000756,Nexus Advanced Technologies Inc.,Nasdaq,181,2026-09-27T20:12:12+00:00,2026-05-15,0001829126-26-005357,,,statement_coherence,incomplete_company_facts,,UnsupportedFilerError: filer's current foreign annual report does not carry a coherent standard US-GAAP or IFRS balance sheet in one identifiable ISO currency,https://data.sec.gov/api/xbrl/companyfacts/CIK0002000756.json
NYXH,0001857190,Nyxoah SA,Nasdaq,181,2026-09-27T20:12:00+00:00,2026-03-26,0001104659-26-035161,ifrs-full,EUR,cover_identity,missing_raw_cover_evidence,,UnsupportedFilerError: foreign filer has no exact filing-cover security title for this ticker,https://www.sec.gov/Archives/edgar/data/1857190/000110465926035161/R1.htm through R3.htm
OGG,0001431852,Osisko Gold Group Inc.,NYSE,181,2026-09-27T20:09:41+00:00,2026-03-30,0001104659-26-036344,ifrs-full,CAD,cover_identity,symbol_mismatch,,UnsupportedFilerError: foreign filer has no exact filing-cover security title for this ticker,https://www.sec.gov/Archives/edgar/data/1431852/000110465926036344/R1.htm through R3.htm
ORIO,0001602842,Orion Digital Corp.,Nasdaq,181,2026-09-27T20:10:49+00:00,2025-04-29,0000950170-25-060208,ifrs-full,CAD,cover_identity,symbol_mismatch,,UnsupportedFilerError: foreign filer has no exact filing-cover security title for this ticker,https://www.sec.gov/Archives/edgar/data/1602842/000095017025060208/R1.htm through R3.htm
ORISF,0001964664,ORIENTAL RISE HOLDINGS Ltd,OTC,181,2026-09-27T20:12:10+00:00,2026-04-30,0001213900-26-050088,us-gaap,USD,cover_identity,stale_otc_mapping,,UnsupportedFilerError: foreign filer has no exact filing-cover security title for this ticker,https://www.sec.gov/Archives/edgar/data/1964664/000121390026050088/R1.htm through R3.htm
PAVS,0001751876,Paranovus Entertainment Technology Ltd.,Nasdaq,181,2026-09-27T20:11:34+00:00,2026-08-14,0001929980-26-000454,us-gaap,USD,cover_identity,empty_parser_failure,,UnsupportedFilerError: foreign filer has no exact filing-cover security title for this ticker,https://www.sec.gov/Archives/edgar/data/1751876/000192998026000454/R1.htm through R3.htm
PAYP,0002080845,PayPay Corp,Nasdaq,181,2026-09-27T20:12:15+00:00,2026-06-30,0001193125-26-289382,,,statement_coherence,incomplete_company_facts,,UnsupportedFilerError: filer's current foreign annual report does not carry a coherent standard US-GAAP or IFRS balance sheet in one identifiable ISO currency,https://data.sec.gov/api/xbrl/companyfacts/CIK0002080845.json
PBK,0002011053,POWERBANK Corp,Nasdaq,181,2026-09-27T20:12:12+00:00,2025-10-02,0001493152-25-016675,ifrs-full,CAD,cover_identity,symbol_mismatch,,UnsupportedFilerError: foreign filer has no exact filing-cover security title for this ticker,https://www.sec.gov/Archives/edgar/data/2011053/000149315225016675/R1.htm through R3.htm
PCCYF,0001108329,PETROCHINA CO LTD,OTC,181,2026-09-27T20:08:01+00:00,2023-04-28,0001193125-23-124228,ifrs-full,CNY,cover_identity,missing_raw_cover_evidence,,UnsupportedFilerError: foreign filer has no exact filing-cover security title for this ticker,https://www.sec.gov/Archives/edgar/data/1108329/000119312523124228/R1.htm through R3.htm
PHOS,0001490078,First Phosphate Corp.,OTC,181,2026-09-27T20:10:02+00:00,2024-07-08,0001753926-24-001223,ifrs-full,CAD,cover_identity,missing_raw_cover_evidence,,UnsupportedFilerError: foreign filer has no exact filing-cover security title for this ticker,https://www.sec.gov/Archives/edgar/data/1490078/000175392624001223/R1.htm through R3.htm
PHYS,0001477049,Sprott Physical Gold Trust,NYSE,181,2026-09-27T20:09:58+00:00,2026-03-13,0001999371-26-005820,ifrs-full,USD,cover_identity,wrong_security_class,,UnsupportedFilerError: foreign filer has no exact filing-cover security title for this ticker,https://www.sec.gov/Archives/edgar/data/1477049/000199937126005820/R1.htm through R3.htm
PICS,0001841644,PicS N.V.,Nasdaq,181,2026-09-27T20:11:57+00:00,2026-04-30,0001213900-26-049950,,,statement_coherence,incomplete_company_facts,,UnsupportedFilerError: filer's current foreign annual report does not carry a coherent standard US-GAAP or IFRS balance sheet in one identifiable ISO currency,https://data.sec.gov/api/xbrl/companyfacts/CIK0001841644.json
PLGO,0001636639,Pelagos Insurance Capital Ltd,NYSE,181,2026-09-27T20:11:02+00:00,2026-03-05,0001628280-26-015356,us-gaap,USD,cover_identity,symbol_mismatch,,UnsupportedFilerError: foreign filer has no exact filing-cover security title for this ticker,https://www.sec.gov/Archives/edgar/data/1636639/000162828026015356/R1.htm through R3.htm
PLTYF,0001433309,"Plastec Technologies, Ltd.",OTC,181,2026-09-27T20:09:41+00:00,2026-05-15,0001104659-26-061965,us-gaap,HKD,cover_identity,empty_parser_failure,,UnsupportedFilerError: foreign filer has no exact filing-cover security title for this ticker,https://www.sec.gov/Archives/edgar/data/1433309/000110465926061965/R1.htm through R3.htm
POM,0001877971,POMDOCTOR Ltd,Nasdaq,181,2026-09-27T20:12:04+00:00,2026-05-14,0001213900-26-056576,us-gaap,USD,depositary_ratio,ratio_present_in_cover_title,1/6,UnsupportedFilerError: foreign depositary security has no resolved positive cover-page ratio,https://www.sec.gov/Archives/edgar/data/1877971/000121390026056576/ea0286069-20f_pomdoc.htm
PREJF,0000911421,PARTNERRE LTD,,181,2026-09-27T20:06:40+00:00,2024-03-25,0000911421-24-000018,us-gaap,USD,cover_identity,stale_otc_mapping,,UnsupportedFilerError: foreign filer has no exact filing-cover security title for this ticker,https://www.sec.gov/Archives/edgar/data/911421/000091142124000018/R1.htm through R3.htm
PSHG,0001481241,Performance Shipping Inc.,Nasdaq,181,2026-09-27T20:09:59+00:00,2026-04-27,0001140361-26-017155,us-gaap,USD,cover_identity,empty_parser_failure,,UnsupportedFilerError: foreign filer has no exact filing-cover security title for this ticker,https://www.sec.gov/Archives/edgar/data/1481241/000114036126017155/R1.htm through R3.htm
PSLV,0001494728,Sprott Physical Silver Trust,NYSE,181,2026-09-27T20:10:05+00:00,2026-03-16,0001999371-26-005829,ifrs-full,USD,cover_identity,wrong_security_class,,UnsupportedFilerError: foreign filer has no exact filing-cover security title for this ticker,https://www.sec.gov/Archives/edgar/data/1494728/000199937126005829/R1.htm through R3.htm
PSNY,0001884082,Polestar Automotive Holding UK PLC,Nasdaq,181,2026-09-27T20:12:04+00:00,2025-05-09,0001884082-25-000012,ifrs-full,USD,depositary_ratio,primary_document_footnote_or_prose,1,UnsupportedFilerError: foreign depositary security has no resolved positive cover-page ratio,https://www.sec.gov/Archives/edgar/data/1884082/000188408225000012/psny-20241231.htm
PYRGF,0001743344,PyroGenesis Canada Inc.,OTC,181,2026-09-27T20:11:32+00:00,2023-03-31,0001562762-23-000149,ifrs-full,CAD,cover_identity,stale_otc_mapping,,UnsupportedFilerError: foreign filer has no exact filing-cover security title for this ticker,https://www.sec.gov/Archives/edgar/data/1743344/000156276223000149/R1.htm through R3.htm
QTEX,0001837493,QTREX Quantum Ltd.,Nasdaq,181,2026-09-27T20:11:56+00:00,2026-03-26,0001185185-26-001072,us-gaap,USD,cover_identity,symbol_mismatch,,UnsupportedFilerError: foreign filer has no exact filing-cover security title for this ticker,https://www.sec.gov/Archives/edgar/data/1837493/000118518526001072/R1.htm through R3.htm
QZMRF,0000811522,QUARTZ MOUNTAIN RESOURCES LTD,OTC,181,2026-09-27T20:05:56+00:00,2025-12-01,0001654954-25-013545,ifrs-full,CAD,cover_identity,missing_raw_cover_evidence,,UnsupportedFilerError: foreign filer has no exact filing-cover security title for this ticker,https://www.sec.gov/Archives/edgar/data/811522/000165495425013545/R1.htm through R3.htm
RAJAF,0001885680,"TFA Therapeutics, Inc.",OTC,181,2026-09-27T20:12:05+00:00,2026-05-15,0001213900-26-057774,us-gaap,USD,cover_identity,no_registered_class,,UnsupportedFilerError: foreign filer has no exact filing-cover security title for this ticker,https://www.sec.gov/Archives/edgar/data/1885680/000121390026057774/R1.htm through R3.htm
RBNE,0002039060,Robin Energy Ltd.,Nasdaq,181,2026-09-27T20:12:14+00:00,2026-04-10,0001140361-26-014136,us-gaap,USD,cover_identity,empty_parser_failure,,UnsupportedFilerError: foreign filer has no exact filing-cover security title for this ticker,https://www.sec.gov/Archives/edgar/data/2039060/000114036126014136/R1.htm through R3.htm
REEAF,0001843588,REE Automotive Ltd.,OTC,181,2026-09-27T20:11:57+00:00,2026-05-15,0001628280-26-035308,us-gaap,USD,cover_identity,stale_otc_mapping,,UnsupportedFilerError: foreign filer has no exact filing-cover security title for this ticker,https://www.sec.gov/Archives/edgar/data/1843588/000162828026035308/R1.htm through R3.htm
RELX,0000929869,RELX PLC,NYSE,181,2026-09-27T20:06:53+00:00,2026-02-19,0001104659-26-017277,ifrs-full,GBP,depositary_ratio,ratio_present_in_cover_title,1,UnsupportedFilerError: foreign depositary security has no resolved positive cover-page ratio,https://www.sec.gov/Archives/edgar/data/929869/000110465926017277/relx-20251231x20f.htm
RERE,0001838957,ATRenew Inc.,NYSE,181,2026-09-27T20:11:56+00:00,2026-04-08,0001193125-26-146260,us-gaap,USD,depositary_ratio,ratio_present_in_cover_title,2/3,UnsupportedFilerError: foreign depositary security has no resolved positive cover-page ratio,https://www.sec.gov/Archives/edgar/data/1838957/000119312526146260/rere-20251231.htm
RLNDF,0001924064,RoyaLand Co Ltd.,OTC,181,2026-09-27T20:12:07+00:00,2025-10-31,0001213900-25-104706,ifrs-full,USD,cover_identity,missing_raw_cover_evidence,,UnsupportedFilerError: foreign filer has no exact filing-cover security title for this ticker,https://www.sec.gov/Archives/edgar/data/1924064/000121390025104706/R1.htm through R3.htm
RMTHF,0000876779,MAGIC SOFTWARE ENTERPRISES LTD,,181,2026-09-27T20:06:18+00:00,2025-05-15,0001213900-25-043459,ifrs-full,USD,cover_identity,stale_otc_mapping,,UnsupportedFilerError: foreign filer has no exact filing-cover security title for this ticker,https://www.sec.gov/Archives/edgar/data/876779/000121390025043459/R1.htm through R3.htm
RTCJF,0001381074,Baijiayun Group Ltd,OTC,181,2026-09-27T20:09:17+00:00,2025-10-29,0001213900-25-103210,us-gaap,USD,cover_identity,missing_raw_cover_evidence,,UnsupportedFilerError: foreign filer has no exact filing-cover security title for this ticker,https://www.sec.gov/Archives/edgar/data/1381074/000121390025103210/R1.htm through R3.htm
SAN,0000891478,"Banco Santander, S.A.",NYSE,181,2026-09-27T20:06:29+00:00,2026-02-27,0000891478-26-000030,ifrs-full,EUR,cover_identity,empty_parser_failure,,UnsupportedFilerError: foreign filer has no exact filing-cover security title for this ticker,https://www.sec.gov/Archives/edgar/data/891478/000089147826000030/R1.htm through R3.htm
SEAL-PA,0001308106,Seapeak LLC,NYSE,178,2026-09-23T04:46:44+00:00,2026-03-18,0001308106-26-000002,us-gaap,USD,cover_identity,missing_raw_cover_evidence,,UnsupportedFilerError: foreign filer has no exact filing-cover security title for this ticker,https://www.sec.gov/Archives/edgar/data/1308106/000130810626000002/R1.htm through R3.htm
SELXF,0001990950,Semilux International Ltd.,OTC,181,2026-09-27T20:12:11+00:00,2025-11-10,0001213900-25-108334,us-gaap,USD,cover_identity,stale_otc_mapping,,UnsupportedFilerError: foreign filer has no exact filing-cover security title for this ticker,https://www.sec.gov/Archives/edgar/data/1990950/000121390025108334/R1.htm through R3.htm
SGBAF,0001347408,SES S.A.,OTC,181,2026-09-27T20:09:04+00:00,2026-04-01,0001193125-26-138166,ifrs-full,EUR,cover_identity,missing_raw_cover_evidence,,UnsupportedFilerError: foreign filer has no exact filing-cover security title for this ticker,https://www.sec.gov/Archives/edgar/data/1347408/000119312526138166/R1.htm through R3.htm
SGRX,0001735556,SANGRIX INC.,Nasdaq,181,2026-09-27T20:11:30+00:00,2026-09-18,0001104659-26-108989,us-gaap,USD,cover_identity,empty_parser_failure,,UnsupportedFilerError: foreign filer has no exact filing-cover security title for this ticker,https://www.sec.gov/Archives/edgar/data/1735556/000110465926108989/R1.htm through R3.htm
SLAIY,0001517496,SOLAI Ltd,NYSE,181,2026-09-27T20:10:15+00:00,2026-04-20,0001104659-26-045107,us-gaap,USD,cover_identity,stale_otc_mapping,,UnsupportedFilerError: foreign filer has no exact filing-cover security title for this ticker,https://www.sec.gov/Archives/edgar/data/1517496/000110465926045107/R1.htm through R3.htm
SLMT,0001939965,Brera Holdings PLC,Nasdaq,181,2026-09-27T20:12:08+00:00,2025-05-28,0001213900-25-048029,ifrs-full,EUR,cover_identity,symbol_mismatch,,UnsupportedFilerError: foreign filer has no exact filing-cover security title for this ticker,https://www.sec.gov/Archives/edgar/data/1939965/000121390025048029/R1.htm through R3.htm
SNNRF,0002021938,Sunrise Communications AG,OTC,181,2026-09-27T20:12:13+00:00,2026-02-18,0002021938-26-000004,ifrs-full,CHF,cover_identity,stale_otc_mapping,,UnsupportedFilerError: foreign filer has no exact filing-cover security title for this ticker,https://www.sec.gov/Archives/edgar/data/2021938/000202193826000004/R1.htm through R3.htm
SNPMF,0001123658,CHINA PETROLEUM & CHEMICAL CORP,,181,2026-09-27T20:08:08+00:00,2023-04-28,0001104659-23-051914,ifrs-full,CNY,cover_identity,no_registered_class,,UnsupportedFilerError: foreign filer has no exact filing-cover security title for this ticker,https://www.sec.gov/Archives/edgar/data/1123658/000110465923051914/R1.htm through R3.htm
SNY,0001121404,Sanofi,Nasdaq,181,2026-09-27T20:08:07+00:00,2026-02-17,0001628280-26-008403,ifrs-full,EUR,depositary_ratio,ratio_present_in_cover_title,0.5,UnsupportedFilerError: foreign depositary security has no resolved positive cover-page ratio,https://www.sec.gov/Archives/edgar/data/1121404/000162828026008403/sny-20251231.htm
SOGP,0001783407,Sound Group Inc.,Nasdaq,181,2026-09-27T20:11:40+00:00,2026-04-30,0001493152-26-019716,us-gaap,USD,depositary_ratio,ratio_present_in_cover_title,200,UnsupportedFilerError: foreign depositary security has no resolved positive cover-page ratio,https://www.sec.gov/Archives/edgar/data/1783407/000149315226019716/form20-f.htm
SPOWF,0001227282,Strata Power Corp,OTC,181,2026-09-27T20:08:32+00:00,2026-03-31,0001683168-26-002501,us-gaap,USD,cover_identity,missing_raw_cover_evidence,,UnsupportedFilerError: foreign filer has no exact filing-cover security title for this ticker,https://www.sec.gov/Archives/edgar/data/1227282/000168316826002501/R1.htm through R3.htm
SPPP,0001539190,SPROTT PHYSICAL PLATINUM & PALLADIUM TRUST,NYSE,181,2026-09-27T20:10:26+00:00,2026-03-16,0001999371-26-005825,ifrs-full,USD,cover_identity,wrong_security_class,,UnsupportedFilerError: foreign filer has no exact filing-cover security title for this ticker,https://www.sec.gov/Archives/edgar/data/1539190/000199937126005825/R1.htm through R3.htm
SPTJF,0000908732,SINOPEC SHANGHAI PETROCHEMICAL CO LTD,,181,2026-09-27T20:06:38+00:00,2023-04-26,0001193125-23-116597,ifrs-full,CNY,cover_identity,stale_otc_mapping,,UnsupportedFilerError: foreign filer has no exact filing-cover security title for this ticker,https://www.sec.gov/Archives/edgar/data/908732/000119312523116597/R1.htm through R3.htm
SSL,0000314590,SASOL LTD,NYSE,181,2026-09-27T20:05:17+00:00,2025-08-29,0001410578-25-001910,ifrs-full,ZAR,depositary_ratio,primary_document_footnote_or_prose,1,UnsupportedFilerError: foreign depositary security has no resolved positive cover-page ratio,https://www.sec.gov/Archives/edgar/data/314590/000141057825001910/ssl-20250630x20f.htm
STNDF,0001087711,Santander UK plc,OTC,181,2026-09-27T20:07:50+00:00,2026-03-12,0001087711-26-000008,ifrs-full,GBP,cover_identity,missing_raw_cover_evidence,,UnsupportedFilerError: foreign filer has no exact filing-cover security title for this ticker,https://www.sec.gov/Archives/edgar/data/1087711/000108771126000008/R1.htm through R3.htm
SUZ,0000909327,Suzano S.A.,NYSE,181,2026-09-27T20:06:38+00:00,2026-03-24,0000909327-26-000045,ifrs-full,BRL,cover_identity,empty_parser_failure,,UnsupportedFilerError: foreign filer has no exact filing-cover security title for this ticker,https://www.sec.gov/Archives/edgar/data/909327/000090932726000045/R1.htm through R3.htm
SVRN,0001869467,OceanPal Inc.,Nasdaq,181,2026-09-27T20:12:02+00:00,2025-04-15,0001140361-25-014004,us-gaap,USD,cover_identity,symbol_mismatch,,UnsupportedFilerError: foreign filer has no exact filing-cover security title for this ticker,https://www.sec.gov/Archives/edgar/data/1869467/000114036125014004/R1.htm through R3.htm
SXTC,0001723980,"China SXT Pharmaceuticals, Inc.",Nasdaq,181,2026-09-27T20:11:27+00:00,2026-07-01,0001213900-26-074310,us-gaap,USD,cover_identity,empty_parser_failure,,UnsupportedFilerError: foreign filer has no exact filing-cover security title for this ticker,https://www.sec.gov/Archives/edgar/data/1723980/000121390026074310/R1.htm through R3.htm
SY,0001758530,So-Young International Inc.,Nasdaq,181,2026-09-27T20:11:35+00:00,2026-04-23,0001104659-26-047129,us-gaap,USD,depositary_ratio,ratio_present_in_cover_title,10/13,UnsupportedFilerError: foreign depositary security has no resolved positive cover-page ratio,https://www.sec.gov/Archives/edgar/data/1758530/000110465926047129/sy-20251231x20f.htm
TAC,0001144800,TRANSALTA CORP,NYSE,181,2026-09-27T20:08:18+00:00,2026-02-27,0001144800-26-000015,ifrs-full,CAD,cover_identity,missing_raw_cover_evidence,,UnsupportedFilerError: foreign filer has no exact filing-cover security title for this ticker,https://www.sec.gov/Archives/edgar/data/1144800/000114480026000015/R1.htm through R3.htm
TANAF,0001941189,Tian'an Technology Group Ltd,OTC,181,2026-09-27T20:12:08+00:00,2026-05-22,0001493152-26-024881,us-gaap,USD,cover_identity,missing_raw_cover_evidence,,UnsupportedFilerError: foreign filer has no exact filing-cover security title for this ticker,https://www.sec.gov/Archives/edgar/data/1941189/000149315226024881/R1.htm through R3.htm
TANH,0001588084,TANTECH HOLDINGS LTD,Nasdaq,181,2026-09-27T20:10:43+00:00,2026-05-14,0001477932-26-003132,us-gaap,USD,cover_identity,empty_parser_failure,,UnsupportedFilerError: foreign filer has no exact filing-cover security title for this ticker,https://www.sec.gov/Archives/edgar/data/1588084/000147793226003132/R1.htm through R3.htm
TARSF,0001409036,Silver North Resources Ltd.,OTC,181,2026-09-27T20:09:29+00:00,2026-03-04,0001376474-26-000222,us-gaap,CAD,cover_identity,stale_otc_mapping,,UnsupportedFilerError: foreign filer has no exact filing-cover security title for this ticker,https://www.sec.gov/Archives/edgar/data/1409036/000137647426000222/R1.htm through R3.htm
TCGLF,0002047190,TechCreate Group Ltd.,OTC,181,2026-09-27T20:12:14+00:00,2026-04-29,0001493152-26-019507,us-gaap,USD,cover_identity,stale_otc_mapping,,UnsupportedFilerError: foreign filer has no exact filing-cover security title for this ticker,https://www.sec.gov/Archives/edgar/data/2047190/000149315226019507/R1.htm through R3.htm
TCPA,0000099070,TRANSCANADA PIPELINES LTD,NYSE,181,2026-09-27T20:05:06+00:00,2018-02-16,0000099070-18-000002,us-gaap,CAD,cover_identity,missing_raw_cover_evidence,,UnsupportedFilerError: foreign filer has no exact filing-cover security title for this ticker,https://www.sec.gov/Archives/edgar/data/99070/000009907018000002/R1.htm through R3.htm
TEFOF,0000814052,TELEFONICA S A,,181,2026-09-27T20:05:58+00:00,2025-02-27,0000814052-25-000036,ifrs-full,EUR,cover_identity,stale_otc_mapping,,UnsupportedFilerError: foreign filer has no exact filing-cover security title for this ticker,https://www.sec.gov/Archives/edgar/data/814052/000081405225000036/R1.htm through R3.htm
TGB,0000878518,Trekor Metals Ltd,NYSE,181,2026-09-27T20:06:19+00:00,2026-03-31,0001062993-26-001708,ifrs-full,CAD,cover_identity,missing_raw_cover_evidence,,UnsupportedFilerError: foreign filer has no exact filing-cover security title for this ticker,https://www.sec.gov/Archives/edgar/data/878518/000106299326001708/R1.htm through R3.htm
TIRXF,0001782941,TIAN RUIXIANG HOLDINGS LTD,,181,2026-09-27T20:11:40+00:00,2025-01-31,0001410578-25-000068,us-gaap,USD,cover_identity,stale_otc_mapping,,UnsupportedFilerError: foreign filer has no exact filing-cover security title for this ticker,https://www.sec.gov/Archives/edgar/data/1782941/000141057825000068/R1.htm through R3.htm
TLIH,0001982012,Ten-League International Holdings Ltd,Nasdaq,181,2026-09-27T20:12:11+00:00,2026-04-30,0001493152-26-020406,us-gaap,USD,cover_identity,missing_raw_cover_evidence,,UnsupportedFilerError: foreign filer has no exact filing-cover security title for this ticker,https://www.sec.gov/Archives/edgar/data/1982012/000149315226020406/R1.htm through R3.htm
TMCR,0002087398,Metals Royalty Co Inc.,Nasdaq,181,2026-09-27T20:12:15+00:00,2026-04-27,0001104659-26-049527,,,statement_coherence,incomplete_company_facts,,UnsupportedFilerError: filer's current foreign annual report does not carry a coherent standard US-GAAP or IFRS balance sheet in one identifiable ISO currency,https://data.sec.gov/api/xbrl/companyfacts/CIK0002087398.json
TNCAF,0001232384,TC ENERGY CORP,NYSE,181,2026-09-27T20:08:33+00:00,2026-02-13,0001232384-26-000015,us-gaap,CAD,cover_identity,stale_otc_mapping,,UnsupportedFilerError: foreign filer has no exact filing-cover security title for this ticker,https://www.sec.gov/Archives/edgar/data/1232384/000123238426000015/R1.htm through R3.htm
TORO,0001941131,TORO CORP.,Nasdaq,181,2026-09-27T20:12:08+00:00,2026-04-15,0001140361-26-014706,us-gaap,USD,cover_identity,empty_parser_failure,,UnsupportedFilerError: foreign filer has no exact filing-cover security title for this ticker,https://www.sec.gov/Archives/edgar/data/1941131/000114036126014706/R1.htm through R3.htm
TRTN-PA,0001660734,Triton International Ltd,NYSE,178,2026-09-23T05:00:46+00:00,2026-02-20,0001660734-26-000005,us-gaap,USD,cover_identity,missing_raw_cover_evidence,,UnsupportedFilerError: foreign filer has no exact filing-cover security title for this ticker,https://www.sec.gov/Archives/edgar/data/1660734/000166073426000005/R1.htm through R3.htm
UBS,0001610520,UBS Group AG,NYSE,181,2026-09-27T20:10:53+00:00,2026-03-09,0001610520-26-000023,ifrs-full,USD,cover_identity,missing_raw_cover_evidence,,UnsupportedFilerError: foreign filer has no exact filing-cover security title for this ticker,https://www.sec.gov/Archives/edgar/data/1610520/000161052026000023/R1.htm through R3.htm
UOKAF,0001741534,MDJM LTD,OTC,181,2026-09-27T20:11:31+00:00,2026-04-01,0001104659-26-038521,us-gaap,USD,cover_identity,stale_otc_mapping,,UnsupportedFilerError: foreign filer has no exact filing-cover security title for this ticker,https://www.sec.gov/Archives/edgar/data/1741534/000110465926038521/R1.htm through R3.htm
USAS,0001286973,Americas Gold & Silver Corp,NYSE,181,2026-09-27T20:08:43+00:00,2026-04-02,0001062993-26-001831,ifrs-full,USD,cover_identity,empty_parser_failure,,UnsupportedFilerError: foreign filer has no exact filing-cover security title for this ticker,https://www.sec.gov/Archives/edgar/data/1286973/000106299326001831/R1.htm through R3.htm
USEA,0001912847,United Maritime Corp,Nasdaq,181,2026-09-27T20:12:06+00:00,2026-04-08,0001140361-26-013851,us-gaap,USD,cover_identity,empty_parser_failure,,UnsupportedFilerError: foreign filer has no exact filing-cover security title for this ticker,https://www.sec.gov/Archives/edgar/data/1912847/000114036126013851/R1.htm through R3.htm
UZX,0001969401,Linkage Global Inc,Nasdaq,181,2026-09-27T20:12:10+00:00,2026-01-30,0001213900-26-010261,us-gaap,USD,cover_identity,symbol_mismatch,,UnsupportedFilerError: foreign filer has no exact filing-cover security title for this ticker,https://www.sec.gov/Archives/edgar/data/1969401/000121390026010261/R1.htm through R3.htm
VIVO,0001681348,VivoPower PLC,Nasdaq,181,2026-09-27T20:11:16+00:00,2025-11-06,0001493152-25-021108,ifrs-full,USD,cover_identity,symbol_mismatch,,UnsupportedFilerError: foreign filer has no exact filing-cover security title for this ticker,https://www.sec.gov/Archives/edgar/data/1681348/000149315225021108/R1.htm through R3.htm
VLRS,0001520504,"Controladora Vuela Compania de Aviacion, S.A.B. de C.V.",NYSE,181,2026-09-27T20:10:17+00:00,2025-04-30,0001292814-25-001765,ifrs-full,USD,depositary_ratio,primary_document_footnote_or_prose,10 CPOs,UnsupportedFilerError: foreign depositary security has no resolved positive cover-page ratio,https://www.sec.gov/Archives/edgar/data/1520504/000129281425001765/vlrsform20f_2024.htm
VMET,0002080073,Versamet Royalties Corp,Nasdaq,181,2026-09-27T20:12:15+00:00,2026-04-30,0001104659-26-052847,,,statement_coherence,incomplete_company_facts,,UnsupportedFilerError: filer's current foreign annual report does not carry a coherent standard US-GAAP or IFRS balance sheet in one identifiable ISO currency,https://data.sec.gov/api/xbrl/companyfacts/CIK0002080073.json
VOXR,0001907909,VOX ROYALTY CORP.,Nasdaq,181,2026-09-27T20:12:06+00:00,2026-03-30,0001654954-26-002978,ifrs-full,USD,cover_identity,empty_parser_failure,,UnsupportedFilerError: foreign filer has no exact filing-cover security title for this ticker,https://www.sec.gov/Archives/edgar/data/1907909/000165495426002978/R1.htm through R3.htm
VQSSF,0001777765,VIQ Solutions Inc.,,181,2026-09-27T20:11:39+00:00,2023-04-13,0001410578-23-000639,ifrs-full,USD,cover_identity,stale_otc_mapping,,UnsupportedFilerError: foreign filer has no exact filing-cover security title for this ticker,https://www.sec.gov/Archives/edgar/data/1777765/000141057823000639/R1.htm through R3.htm
WAVE,0001846715,Eco Wave Power Global AB (publ),Nasdaq,181,2026-09-27T20:11:58+00:00,2026-03-12,0001213900-26-026655,ifrs-full,USD,depositary_ratio,primary_document_footnote_or_prose,8,UnsupportedFilerError: foreign depositary security has no resolved positive cover-page ratio,https://www.sec.gov/Archives/edgar/data/1846715/000121390026026655/ea0280691-20f_ecowave.htm
WDS,0000844551,WOODSIDE ENERGY GROUP LTD,NYSE,181,2026-09-27T20:06:07+00:00,2026-02-24,0001628280-26-010858,ifrs-full,USD,depositary_ratio,no_current_filing_backed_ratio,,UnsupportedFilerError: foreign depositary security has no resolved positive cover-page ratio,https://www.sec.gov/Archives/edgar/data/844551/000162828026010858/wds-20251231.htm
WEBNF,0000719245,WESTPAC BANKING CORP,OTC,181,2026-09-27T20:05:31+00:00,2025-11-04,0001104659-25-105894,ifrs-full,AUD,cover_identity,missing_raw_cover_evidence,,UnsupportedFilerError: foreign filer has no exact filing-cover security title for this ticker,https://www.sec.gov/Archives/edgar/data/719245/000110465925105894/R1.htm through R3.htm
WILCF,0001030997,G WILLI FOOD INTERNATIONAL LTD,Nasdaq,181,2026-09-27T20:07:17+00:00,2026-03-24,0001178913-26-001606,ifrs-full,USD,cover_identity,stale_otc_mapping,,UnsupportedFilerError: foreign filer has no exact filing-cover security title for this ticker,https://www.sec.gov/Archives/edgar/data/1030997/000117891326001606/R1.htm through R3.htm
WKEY,0001738699,Wisekey International Holding S.A.,Nasdaq,181,2026-09-27T20:11:31+00:00,2026-04-30,0001104659-26-053033,us-gaap,USD,depositary_ratio,ratio_present_in_cover_title,0.5,UnsupportedFilerError: foreign depositary security has no resolved positive cover-page ratio,https://www.sec.gov/Archives/edgar/data/1738699/000110465926053033/tmb-20251231x20f.htm
XTGRF,0001288770,XTRA-GOLD RESOURCES CORP,OTC,181,2026-09-27T20:08:44+00:00,2026-03-31,0001062993-26-001749,us-gaap,USD,cover_identity,missing_raw_cover_evidence,,UnsupportedFilerError: foreign filer has no exact filing-cover security title for this ticker,https://www.sec.gov/Archives/edgar/data/1288770/000106299326001749/R1.htm through R3.htm
XTXXF,0001891512,Adastra Holdings Ltd.,,181,2026-09-27T20:12:05+00:00,2023-05-17,0001062993-23-011308,ifrs-full,CAD,cover_identity,missing_raw_cover_evidence,,UnsupportedFilerError: foreign filer has no exact filing-cover security title for this ticker,https://www.sec.gov/Archives/edgar/data/1891512/000106299323011308/R1.htm through R3.htm
YFOR,0001985337,YYForce Inc.,Nasdaq,181,2026-09-27T20:12:11+00:00,2025-04-08,0001213900-25-029527,ifrs-full,USD,cover_identity,symbol_mismatch,,UnsupportedFilerError: foreign filer has no exact filing-cover security title for this ticker,https://www.sec.gov/Archives/edgar/data/1985337/000121390025029527/R1.htm through R3.htm
YGMZF,0001782037,MingZhu Logistics Holdings Ltd,OTC,181,2026-09-27T20:11:40+00:00,2025-05-15,0001213900-25-044189,us-gaap,USD,cover_identity,stale_otc_mapping,,UnsupportedFilerError: foreign filer has no exact filing-cover security title for this ticker,https://www.sec.gov/Archives/edgar/data/1782037/000121390025044189/R1.htm through R3.htm
YMAT,0001875016,"J-Star Holding Co., Ltd.",Nasdaq,181,2026-09-27T20:12:03+00:00,2026-04-30,0001493152-26-019802,,,statement_coherence,incomplete_company_facts,,UnsupportedFilerError: filer's current foreign annual report does not carry a coherent standard US-GAAP or IFRS balance sheet in one identifiable ISO currency,https://data.sec.gov/api/xbrl/companyfacts/CIK0001875016.json
ZCMD,0001785566,Zhongchao Inc.,Nasdaq,181,2026-09-27T20:11:41+00:00,2026-04-03,0001213900-26-039923,us-gaap,USD,cover_identity,empty_parser_failure,,UnsupportedFilerError: foreign filer has no exact filing-cover security title for this ticker,https://www.sec.gov/Archives/edgar/data/1785566/000121390026039923/R1.htm through R3.htm
ZTEKF,0001904501,Zentek Ltd.,Nasdaq,181,2026-09-27T20:12:06+00:00,2025-06-27,0001062993-25-012177,ifrs-full,CAD,cover_identity,stale_otc_mapping,,UnsupportedFilerError: foreign filer has no exact filing-cover security title for this ticker,https://www.sec.gov/Archives/edgar/data/1904501/000106299325012177/R1.htm through R3.htm
ZTG,0002011458,Zenta Group Co Ltd,Nasdaq,181,2026-09-27T20:12:12+00:00,2026-01-20,0001493152-26-002776,us-gaap,USD,cover_identity,symbol_mismatch,,UnsupportedFilerError: foreign filer has no exact filing-cover security title for this ticker,https://www.sec.gov/Archives/edgar/data/2011458/000149315226002776/R1.htm through R3.htm
