ticker,cik,annual_accession,annual_form,report_date,annual_primary_document,source_accession,source_form,category,accounting_basis,scope,available_canonical_anchors,missing_canonical_anchors,equation_basis,equation_reconciles,current_assets_within_assets,current_liabilities_within_liabilities,company_facts_available,dera_sidecar_available,company_facts_current_accession_fact_count,dera_sidecar_current_accession_fact_count
AERO,0001561861,0001193125-26-197494,20-F,2025-12-31,d101275d20f.htm,0001193125-26-197494,20-F,generic_inline_xbrl,ifrs-full,consolidated,AssetsCurrent;Assets;LiabilitiesCurrent;Liabilities;Equity;EquityAndLiabilities;NetIncomeLoss;NetCashProvidedByUsedInOperatingActivities,,Assets == EquityAndLiabilities,True,True,True,True,False,1,0
AGMB,0002020932,0001104659-26-047872,20-F,2025-12-31,agmb-20251231x20f.htm,0001104659-26-047872,20-F,generic_inline_xbrl,ifrs-full,consolidated,AssetsCurrent;Assets;LiabilitiesCurrent;Liabilities;Equity;EquityAndLiabilities;NetIncomeLoss;NetCashProvidedByUsedInOperatingActivities,,Assets == EquityAndLiabilities,True,True,True,True,False,1,0
AHNRF,0001304409,0001683168-26-002801,20-F,2025-12-31,athenagold_i20f-123125.htm,0001683168-26-002801,20-F,generic_inline_xbrl,ifrs-full,consolidated,AssetsCurrent;Assets;LiabilitiesCurrent;Liabilities;Equity;EquityAndLiabilities;NetIncomeLoss;NetCashProvidedByUsedInOperatingActivities,,Assets == EquityAndLiabilities,True,True,True,True,True,1,0
ALPS,0002025774,0001493152-26-036364,20-F,2026-03-31,form20-f.htm,0001493152-26-036364,20-F,generic_inline_xbrl,ifrs-full,consolidated,AssetsCurrent;Assets;LiabilitiesCurrent;Liabilities;Equity;EquityAndLiabilities;NetIncomeLoss;NetCashProvidedByUsedInOperatingActivities,,Assets == EquityAndLiabilities,True,True,True,True,True,1,0
AUGO,0001468642,0001171843-26-002783,20-F/A,2025-12-31,f20fa_033126.htm,0001171843-26-002783,20-F/A,generic_inline_xbrl,ifrs-full,consolidated,AssetsCurrent;Assets;LiabilitiesCurrent;Equity;EquityAndLiabilities;NetIncomeLoss,Liabilities;NetCashProvidedByUsedInOperatingActivities,Assets == EquityAndLiabilities,True,True,,True,False,1,0
BRBI,0002058601,0001213900-26-050426,20-F,2025-12-31,ea0285533-20f_brbibr.htm,0001213900-26-050426,20-F,generic_inline_xbrl,ifrs-full,consolidated,Assets;Liabilities;Equity;EquityAndLiabilities;NetIncomeLoss;NetCashProvidedByUsedInOperatingActivities,AssetsCurrent;LiabilitiesCurrent,Assets == EquityAndLiabilities,True,,,True,False,1,0
CIB,0002058897,0002058897-26-000125,20-F,2025-12-31,cib-20251231.htm,0002058897-26-000125,20-F,generic_inline_xbrl,ifrs-full,consolidated,Assets;Liabilities;Equity;EquityAndLiabilities;NetIncomeLoss;NetCashProvidedByUsedInOperatingActivities,AssetsCurrent;LiabilitiesCurrent,Assets == EquityAndLiabilities,True,,,True,False,1,0
CNI,0000016868,0001104659-26-010352,40-F,2025-12-31,tm261145d1_40f.htm,0000016868-26-000011,6-K,generic_incorporated_exhibit,us-gaap,consolidated,AssetsCurrent;Assets;LiabilitiesCurrent;Liabilities;Equity;EquityAndLiabilities;NetIncomeLoss;NetCashProvidedByUsedInOperatingActivities,,Assets == EquityAndLiabilities,True,True,True,True,True,1,0
DAVI,0002039072,0001683168-26-003530,20-F/A,2025-12-31,davion_i20fa1.htm,0001683168-26-003530,20-F/A,generic_inline_xbrl,ifrs-full,consolidated,AssetsCurrent;Assets;Liabilities;Equity;EquityAndLiabilities;NetIncomeLoss;NetCashProvidedByUsedInOperatingActivities,LiabilitiesCurrent,Assets == EquityAndLiabilities,True,True,,True,False,4,0
GCDT,0001926293,0001493152-26-038530,20-F,2026-03-31,form20-f.htm,0001493152-26-038530,20-F,generic_inline_xbrl,ifrs-full,consolidated,AssetsCurrent;Assets;LiabilitiesCurrent;Liabilities;Equity;EquityAndLiabilities;NetIncomeLoss;NetCashProvidedByUsedInOperatingActivities,,Assets == EquityAndLiabilities,True,True,True,True,False,1,0
GMTL,0002039972,0001104659-26-108373,20-F,2026-06-30,gmtl-20260630x20f.htm,0001104659-26-108373,20-F,generic_inline_xbrl,ifrs-full,consolidated,AssetsCurrent;Assets;LiabilitiesCurrent;Liabilities;Equity;NetIncomeLoss;NetCashProvidedByUsedInOperatingActivities,EquityAndLiabilities,Assets == Liabilities + Equity,True,True,True,True,False,1,0
HBNB,0002054507,0001213900-26-049771,20-F,2025-12-31,ea0286666-20f_hotel101.htm,0001213900-26-049771,20-F,generic_inline_xbrl,ifrs-full,consolidated,AssetsCurrent;Assets;LiabilitiesCurrent;Liabilities;Equity;EquityAndLiabilities;NetIncomeLoss;NetCashProvidedByUsedInOperatingActivities,,Assets == EquityAndLiabilities,True,True,True,True,False,1,0
NXAT,0002000756,0001829126-26-005357,20-F,2025-12-31,kwavemedia_20f.htm,0001829126-26-005357,20-F,generic_inline_xbrl,ifrs-full,consolidated,AssetsCurrent;Assets;LiabilitiesCurrent;Liabilities;Equity;EquityAndLiabilities;NetIncomeLoss;NetCashProvidedByUsedInOperatingActivities,,Assets == EquityAndLiabilities,True,True,True,True,False,1,0
PAYP,0002080845,0001193125-26-289382,20-F,2026-03-31,payp-20260331.htm,0001193125-26-289382,20-F,generic_inline_xbrl,ifrs-full,consolidated,Assets;Liabilities;Equity;EquityAndLiabilities;NetIncomeLoss;NetCashProvidedByUsedInOperatingActivities,AssetsCurrent;LiabilitiesCurrent,Assets == EquityAndLiabilities,True,,,True,False,1,0
PICS,0001841644,0001213900-26-049950,20-F,2025-12-31,ea0285441-20f_picsnv.htm,0001213900-26-049950,20-F,generic_inline_xbrl,ifrs-full,consolidated,Assets;Liabilities;Equity;EquityAndLiabilities;NetIncomeLoss;NetCashProvidedByUsedInOperatingActivities,AssetsCurrent;LiabilitiesCurrent,Assets == EquityAndLiabilities,True,,,True,False,1,0
TMCR,0002087398,0001104659-26-049527,20-F,2025-12-31,tmcr-20251231x20f.htm,0001104659-26-049527,20-F,generic_inline_xbrl,ifrs-full,undimensioned reporting entity,AssetsCurrent;Assets;LiabilitiesCurrent;Liabilities;Equity;EquityAndLiabilities;NetIncomeLoss;NetCashProvidedByUsedInOperatingActivities,,Assets == EquityAndLiabilities,True,True,True,True,False,1,0
VMET,0002080073,0001104659-26-052847,20-F,2025-12-31,tmb-20251231x20f.htm,0001104659-26-052847,20-F,generic_inline_xbrl,ifrs-full,undimensioned reporting entity,AssetsCurrent;Assets;LiabilitiesCurrent;Liabilities;Equity;EquityAndLiabilities;NetIncomeLoss;NetCashProvidedByUsedInOperatingActivities,,Assets == EquityAndLiabilities,True,True,True,True,False,1,0
YMAT,0001875016,0001493152-26-019802,20-F,2025-12-31,form20-f.htm,0001493152-26-019802,20-F,generic_inline_xbrl,ifrs-full,consolidated,AssetsCurrent;Assets;LiabilitiesCurrent;Liabilities;Equity;EquityAndLiabilities;NetIncomeLoss;NetCashProvidedByUsedInOperatingActivities,,Assets == EquityAndLiabilities,True,True,True,True,False,4,0
